time,roller,tag,offset_before,offset_after,offset_delta,height_before,height_after,running,feed,gap_s,datierbar,quelle,source,campaign
1972-09-26 14:43:13,1,A56-HS01.ZO01,-260.9479064941406,-264.0758056640625,-3.127899169921875,-3.376264810562134,0.6719440221786499,False,0.0,1.0,True,1hz,1972-09-26.parquet,0
1972-09-26 14:43:13,2,A56-HS01.ZO02,-259.31597900390625,-263.25982666015625,-3.94384765625,-4.189096450805664,0.478424072265625,False,0.0,1.0,True,1hz,1972-09-26.parquet,0
1972-09-26 14:43:13,3,A56-HS01.ZO03,-246.015625,-249.87789916992188,-3.862274169921875,-4.177512168884277,0.6630396842956543,False,0.0,1.0,True,1hz,1972-09-26.parquet,0
1972-09-26 14:43:13,4,A56-HS01.ZO04,-245.9612274169922,-247.9467620849609,-1.98553466796875,-2.101909637451172,0.2719936668872833,False,0.0,1.0,True,1hz,1972-09-26.parquet,0
1972-11-09 08:33:07,1,A56-HS01.ZO01,-264.0758056640625,-267.66607666015625,-3.59027099609375,-3.531414031982422,-0.0129349501803517,False,0.0,1.0,True,1hz,1972-11-09.parquet,1
1972-11-09 08:33:07,2,A56-HS01.ZO02,-263.25982666015625,-264.45660400390625,-1.19677734375,-1.177157998085022,-0.2398861795663833,False,0.0,1.0,True,1hz,1972-11-09.parquet,1
1972-11-09 08:33:07,3,A56-HS01.ZO03,-249.87789916992188,-250.34027099609372,-0.462371826171875,-0.4547919631004333,-0.0107021648436784,False,0.0,1.0,True,1hz,1972-11-09.parquet,1
1972-11-09 08:33:07,4,A56-HS01.ZO04,-247.9467620849609,-250.63946533203125,-2.6927032470703125,-2.6485605239868164,-0.243008479475975,False,0.0,1.0,True,1hz,1972-11-09.parquet,1
1973-01-10 12:58:02,1,A56-HS01.ZO01,-267.66607666015625,-264.59259033203125,3.073486328125,3.023101329803467,0.0,False,0.0,1.0,True,1hz,1973-01-10.parquet,2
1973-01-10 12:58:02,2,A56-HS01.ZO02,-264.45660400390625,-266.4965209960937,-2.0399169921875,-2.006475687026977,0.0,False,0.0,1.0,True,1hz,1973-01-10.parquet,2
1973-01-10 12:58:02,3,A56-HS01.ZO03,-250.34027099609372,-245.36285400390625,4.9774169921875,4.897603988647461,0.001338020665571,False,0.0,1.0,True,1hz,1973-01-10.parquet,2
1973-01-10 12:58:02,4,A56-HS01.ZO04,-250.63946533203125,-248.40914916992188,2.230316162109375,2.18528413772583,-0.0196132976561784,False,0.0,1.0,True,1hz,1973-01-10.parquet,2
1973-02-15 11:39:36,1,A56-HS01.ZO01,-264.59259033203125,-266.9045104980469,-2.311920166015625,3.1698038578033447,-0.0329945050179958,False,0.0,1.0,True,1hz,1973-02-15.parquet,3
1973-02-15 11:39:36,2,A56-HS01.ZO02,-266.4965209960937,-270.1683959960937,-3.671875,1.5637181997299194,-0.0396873615682125,False,0.0,1.0,True,1hz,1973-02-15.parquet,3
1973-02-15 11:39:36,3,A56-HS01.ZO03,-245.36285400390625,-249.14352416992188,-3.780670166015625,4.029924392700195,-0.013818459585309,False,0.0,1.0,True,1hz,1973-02-15.parquet,3
1973-02-15 11:39:36,4,A56-HS01.ZO04,-248.40914916992188,-250.36746215820312,-1.95831298828125,5.111202716827393,-0.0236466210335493,False,0.0,1.0,True,1hz,1973-02-15.parquet,3
1973-03-22 11:59:57,1,A56-HS01.ZO01,-266.9045104980469,0.0,266.9045104980469,52.70379257202149,17.56792640686035,False,0.0,1.0,True,1hz,1973-03-22.parquet,4
1973-03-22 11:59:57,2,A56-HS01.ZO02,-270.1683959960937,0.0,270.1683959960937,52.570457458496094,17.523332595825195,False,0.0,1.0,True,1hz,1973-03-22.parquet,4
1973-03-22 11:59:57,3,A56-HS01.ZO03,-249.14352416992188,0.0,249.14352416992188,52.1455307006836,17.381101608276367,False,0.0,1.0,True,1hz,1973-03-22.parquet,4
1973-03-22 11:59:57,4,A56-HS01.ZO04,-250.36746215820312,0.0,250.36746215820312,51.87441253662109,17.291471481323242,False,0.0,1.0,True,1hz,1973-03-22.parquet,4
1973-03-22 12:00:38,1,A56-HS01.ZO01,0.0,-266.9045104980469,-266.9045104980469,17.567928314208984,53.58219146728516,False,0.0,1.0,True,1hz,1973-03-22.parquet,4
1973-03-22 12:00:38,2,A56-HS01.ZO02,0.0,-270.1683959960937,-270.1683959960937,17.523332595825195,53.4461784362793,False,0.0,1.0,True,1hz,1973-03-22.parquet,4
1973-03-22 12:00:38,3,A56-HS01.ZO03,0.0,-249.14352416992188,-249.14352416992188,17.38065528869629,53.01144409179688,False,0.0,1.0,True,1hz,1973-03-22.parquet,4
1973-03-22 12:00:38,4,A56-HS01.ZO04,0.0,-250.36746215820312,-250.36746215820312,17.29146957397461,52.73898696899414,False,0.0,1.0,True,1hz,1973-03-22.parquet,4
1973-03-22 13:33:50,1,A56-HS01.ZO01,-266.9045104980469,0.0,266.9045104980469,52.75727081298828,51.87798309326172,False,0.0,1.0,True,1hz,1973-03-22.parquet,4
1973-03-22 13:33:50,2,A56-HS01.ZO02,-270.1683959960937,0.0,270.1683959960937,52.16869354248047,51.29921340942383,False,0.0,1.0,True,1hz,1973-03-22.parquet,4
1973-03-22 13:33:50,3,A56-HS01.ZO03,-249.14352416992188,0.0,249.14352416992188,52.16872024536133,51.29924392700195,False,0.0,1.0,True,1hz,1973-03-22.parquet,4
1973-03-22 13:33:50,4,A56-HS01.ZO04,-250.36746215820312,0.0,250.36746215820312,51.84767150878906,50.983543395996094,False,0.0,1.0,True,1hz,1973-03-22.parquet,4
1973-03-22 13:33:52,1,A56-HS01.ZO01,0.0,-266.9045104980469,-266.9045104980469,51.87798690795898,53.63655853271485,False,0.0,1.0,True,1hz,1973-03-22.parquet,4
1973-03-22 13:33:52,2,A56-HS01.ZO02,0.0,-270.1683959960937,-270.1683959960937,51.29921722412109,53.03816986083984,False,0.0,1.0,True,1hz,1973-03-22.parquet,4
1973-03-22 13:33:52,3,A56-HS01.ZO03,0.0,-249.14352416992188,-249.14352416992188,51.29924392700195,53.0381965637207,False,0.0,1.0,True,1hz,1973-03-22.parquet,4
1973-03-22 13:33:52,4,A56-HS01.ZO04,0.0,-250.36746215820312,-250.36746215820312,50.983543395996094,52.7118034362793,False,0.0,1.0,True,1hz,1973-03-22.parquet,4
1973-03-22 13:47:21,1,A56-HS01.ZO01,-266.9045104980469,0.0,266.9045104980469,52.73053359985352,8.788422584533691,False,0.0,1.0,True,1hz,1973-03-22.parquet,4
1973-03-22 13:47:21,2,A56-HS01.ZO02,-270.1683959960937,0.0,270.1683959960937,52.1147689819336,8.683191299438477,False,0.0,1.0,True,1hz,1973-03-22.parquet,4
1973-03-22 13:47:21,3,A56-HS01.ZO03,-249.14352416992188,0.0,249.14352416992188,52.14018249511719,8.690326690673828,False,0.0,1.0,True,1hz,1973-03-22.parquet,4
1973-03-22 13:47:21,4,A56-HS01.ZO04,-250.36746215820312,0.0,250.36746215820312,51.81868743896485,8.633252143859863,False,0.0,1.0,True,1hz,1973-03-22.parquet,4
1973-03-22 13:48:12,1,A56-HS01.ZO01,0.0,-266.9045104980469,-266.9045104980469,8.788422584533691,53.609375,False,0.0,1.0,True,1hz,1973-03-22.parquet,4
1973-03-22 13:48:12,2,A56-HS01.ZO02,0.0,-270.1683959960937,-270.1683959960937,8.68542194366455,52.96506118774414,False,0.0,1.0,True,1hz,1973-03-22.parquet,4
1973-03-22 13:48:12,3,A56-HS01.ZO03,0.0,-249.14352416992188,-249.14352416992188,8.690327644348145,52.99762725830078,False,0.0,1.0,True,1hz,1973-03-22.parquet,4
1973-03-22 13:48:12,4,A56-HS01.ZO04,0.0,-250.36746215820312,-250.36746215820312,8.636373519897461,52.65918731689453,False,0.0,1.0,True,1hz,1973-03-22.parquet,4
1973-03-23 12:57:32,1,A56-HS01.ZO01,-266.9045104980469,0.0,266.9045104980469,15.837870597839355,1.583787202835083,False,0.0,1.0,True,1hz,1973-03-23.parquet,4
1973-03-23 12:57:32,2,A56-HS01.ZO02,-270.1683959960937,0.0,270.1683959960937,17.55008888244629,1.7563461065292358,False,0.0,1.0,True,1hz,1973-03-23.parquet,4
1973-03-23 12:57:32,3,A56-HS01.ZO03,-249.14352416992188,0.0,249.14352416992188,11.450366973876951,1.1450365781784058,False,0.0,1.0,True,1hz,1973-03-23.parquet,4
1973-03-23 12:57:32,4,A56-HS01.ZO04,-250.36746215820312,0.0,250.36746215820312,13.59060001373291,1.3590598106384275,False,0.0,1.0,True,1hz,1973-03-23.parquet,4
1973-03-23 12:58:27,1,A56-HS01.ZO01,0.0,-266.9045104980469,-266.9045104980469,1.583787202835083,16.101835250854492,False,0.0,1.0,True,1hz,1973-03-23.parquet,4
1973-03-23 12:58:27,2,A56-HS01.ZO02,0.0,-270.1683959960937,-270.1683959960937,1.755454659461975,17.847936630249023,False,0.0,1.0,True,1hz,1973-03-23.parquet,4
1973-03-23 12:58:27,3,A56-HS01.ZO03,0.0,-249.14352416992188,-249.14352416992188,1.1450365781784058,11.641654014587402,False,0.0,1.0,True,1hz,1973-03-23.parquet,4
1973-03-23 12:58:27,4,A56-HS01.ZO04,0.0,-250.36746215820312,-250.36746215820312,1.3590598106384275,13.817111015319824,False,0.0,1.0,True,1hz,1973-03-23.parquet,4
1973-04-11 11:14:35,1,A56-HS01.ZO01,-266.9045104980469,-265.7893371582031,1.11517333984375,7.206862926483154,-0.0223123524338006,False,0.0,1.0,True,1hz,1973-04-11.parquet,5
1973-04-11 11:14:35,2,A56-HS01.ZO02,-270.1683959960937,-271.6099548339844,-1.441558837890625,5.642236709594727,-0.0022287836764007,False,0.0,1.0,True,1hz,1973-04-11.parquet,5
1973-04-11 11:14:35,3,A56-HS01.ZO03,-249.14352416992188,-248.1099548339844,1.0335693359375,8.062079429626465,-0.0160472430288791,False,0.0,1.0,True,1hz,1973-04-11.parquet,5
1973-04-11 11:14:35,4,A56-HS01.ZO04,-250.36746215820312,-245.5804443359375,4.787017822265625,10.938026428222656,-0.0124811893329024,False,0.0,1.0,True,1hz,1973-04-11.parquet,5
1973-04-17 10:44:51,1,A56-HS01.ZO01,-265.7893371582031,-267.7748718261719,-1.98553466796875,-1.934708833694458,0.0008915135404095,False,0.0,1.0,True,1hz,1973-04-17.parquet,6
1973-04-17 10:44:51,2,A56-HS01.ZO02,-271.6099548339844,-274.1122741699219,-2.5023193359375,-2.4572858810424805,-0.014264216646552,False,0.0,1.0,True,1hz,1973-04-17.parquet,6
1973-04-17 10:44:51,3,A56-HS01.ZO03,-248.1099548339844,-252.97857666015625,-4.868621826171875,-4.771423816680908,0.0008915135404095,False,0.0,1.0,True,1hz,1973-04-17.parquet,6
1973-04-17 10:44:51,4,A56-HS01.ZO04,-245.5804443359375,-256.51446533203125,-10.93402099609375,-10.747196197509766,-0.0053490810096263,False,0.0,1.0,True,1hz,1973-04-17.parquet,6
1973-05-19 07:44:35,1,A56-HS01.ZO01,-267.7748718261719,-259.9143371582031,7.86053466796875,7.738359928131103,-0.1797045171260833,False,0.0,1.0,True,1hz,1973-05-19.parquet,7
1973-05-19 07:44:35,2,A56-HS01.ZO02,-274.1122741699219,-248.00115966796875,26.111114501953125,25.683061599731445,0.0,False,0.0,1.0,True,1hz,1973-05-19.parquet,7
1973-05-19 07:44:35,3,A56-HS01.ZO03,-252.97857666015625,-246.58680725097656,6.391769409179688,6.2869873046875,-0.6478701829910278,False,0.0,1.0,True,1hz,1973-05-19.parquet,7
1973-05-19 07:44:35,4,A56-HS01.ZO04,-256.51446533203125,-251.64584350585935,4.868621826171875,4.782567977905273,0.0,False,0.0,1.0,True,1hz,1973-05-19.parquet,7
1973-07-02 14:46:28,1,A56-HS01.ZO01,-259.9143371582031,-263.7494201660156,-3.8350830078125,-3.772658586502075,-0.0013372702524065,False,0.0,1.0,True,1hz,1973-07-02.parquet,8
1973-07-02 14:46:28,2,A56-HS01.ZO02,-248.00115966796875,-245.9612274169922,2.0399322509765625,2.006490707397461,0.0,False,0.0,1.0,True,1hz,1973-07-02.parquet,8
1973-07-02 14:46:28,3,A56-HS01.ZO03,-246.58680725097656,-247.40277099609372,-0.8159637451171875,-0.8008042573928833,0.0062405946664512,False,0.0,1.0,True,1hz,1973-07-02.parquet,8
1973-07-02 14:46:28,4,A56-HS01.ZO04,-251.64584350585935,-252.10821533203125,-0.462371826171875,-0.4547919631004333,-0.0004457567702047,False,0.0,1.0,True,1hz,1973-07-02.parquet,8
1973-08-21 04:42:25,1,A56-HS01.ZO01,-263.7494201660156,-262.38946533203125,1.359954833984375,23.43802261352539,-0.1003252863883972,False,0.0,1.0,True,1hz,1973-08-21.parquet,9
1973-08-21 04:42:25,2,A56-HS01.ZO02,-245.9612274169922,-248.54513549804688,-2.5839080810546875,22.99882698059082,-0.4235934913158417,False,0.0,1.0,True,1hz,1973-08-21.parquet,9
1973-08-21 04:42:25,3,A56-HS01.ZO03,-247.40277099609372,-250.17709350585935,-2.774322509765625,23.148637771606445,-0.0806969851255416,False,0.0,1.0,True,1hz,1973-08-21.parquet,9
1973-08-21 04:42:25,4,A56-HS01.ZO04,-252.10821533203125,-255.04571533203125,-2.9375,24.75115394592285,-1.248923897743225,False,0.0,1.0,True,1hz,1973-08-21.parquet,9
1973-08-21 17:54:16,1,A56-HS01.ZO01,-262.38946533203125,-267.3669128417969,-4.977447509765625,-4.851696968078613,4.8245038986206055,False,0.0,1.0,True,1hz,1973-08-21.parquet,9
1973-08-21 17:54:16,2,A56-HS01.ZO02,-248.54513549804688,-250.09548950195312,-1.55035400390625,-1.5253785848617554,5.203498363494873,False,0.0,1.0,True,1hz,1973-08-21.parquet,9
1973-08-21 17:54:16,3,A56-HS01.ZO03,-250.17709350585935,-252.43460083007807,-2.25750732421875,-2.208015203475952,7.020476341247559,False,0.0,1.0,True,1hz,1973-08-21.parquet,9
1973-08-21 17:54:16,4,A56-HS01.ZO04,-255.04571533203125,-258.0376281738281,-2.991912841796875,-2.921905994415283,5.126370429992676,False,0.0,1.0,True,1hz,1973-08-21.parquet,9
1973-09-27 13:38:46,1,A56-HS01.ZO01,-267.3669128417969,0.0,267.3669128417969,-983.5006103515624,-377.0086059570313,False,0.0,1.0,True,1hz,1973-09-27.parquet,10
1973-09-27 13:38:46,2,A56-HS01.ZO02,-250.09548950195312,0.0,250.09548950195312,-1000.4891357421876,-383.5208129882813,False,0.0,1.0,True,1hz,1973-09-27.parquet,10
1973-09-27 13:38:46,3,A56-HS01.ZO03,-252.43460083007807,0.0,252.43460083007807,-998.188232421875,-382.6387634277344,False,0.0,1.0,True,1hz,1973-09-27.parquet,10
1973-09-27 13:38:46,4,A56-HS01.ZO04,-258.0376281738281,0.0,258.0376281738281,-992.6771240234376,-380.5262451171875,False,0.0,1.0,True,1hz,1973-09-27.parquet,10
1973-09-27 13:39:24,1,A56-HS01.ZO01,0.0,-267.3669128417969,-267.3669128417969,-377.0086059570313,-999.8922729492188,False,0.0,1.0,True,1hz,1973-09-27.parquet,10
1973-09-27 13:39:24,2,A56-HS01.ZO02,0.0,-250.09548950195312,-250.09548950195312,-383.5208129882813,-1017.1639404296876,False,0.0,1.0,True,1hz,1973-09-27.parquet,10
1973-09-27 13:39:24,3,A56-HS01.ZO03,0.0,-252.43460083007807,-252.43460083007807,-382.6388244628906,-1014.8246459960938,False,0.0,1.0,True,1hz,1973-09-27.parquet,10
1973-09-27 13:39:24,4,A56-HS01.ZO04,0.0,-258.0376281738281,-258.0376281738281,-380.5261840820313,-1009.2217407226562,False,0.0,1.0,True,1hz,1973-09-27.parquet,10
1973-09-28 07:03:09,1,A56-HS01.ZO01,-267.3669128417969,0.0,267.3669128417969,33.97657012939453,12.458521842956545,False,0.0,1.0,True,1hz,1973-09-28.parquet,10
1973-09-28 07:03:09,2,A56-HS01.ZO02,-250.09548950195312,0.0,250.09548950195312,2.8380684852600098,1.0398074388504028,False,0.0,1.0,True,1hz,1973-09-28.parquet,10
1973-09-28 07:03:09,3,A56-HS01.ZO03,-252.43460083007807,0.0,252.43460083007807,2.621800184249878,0.9613267183303832,False,0.0,1.0,True,1hz,1973-09-28.parquet,10
1973-09-28 07:03:09,4,A56-HS01.ZO04,-258.0376281738281,0.0,258.0376281738281,37.48213195800781,13.743124008178713,False,0.0,1.0,True,1hz,1973-09-28.parquet,10
1973-09-28 07:03:48,1,A56-HS01.ZO01,0.0,-267.3669128417969,-267.3669128417969,12.458075523376465,34.543296813964844,False,0.0,1.0,True,1hz,1973-09-28.parquet,10
1973-09-28 07:03:48,2,A56-HS01.ZO02,0.0,-250.09548950195312,-250.09548950195312,1.0398074388504028,2.8835484981536865,False,0.0,1.0,True,1hz,1973-09-28.parquet,10
1973-09-28 07:03:48,3,A56-HS01.ZO03,0.0,-252.43460083007807,-252.43460083007807,0.9613267183303832,2.665496826171875,False,0.0,1.0,True,1hz,1973-09-28.parquet,10
1973-09-28 07:03:48,4,A56-HS01.ZO04,0.0,-258.0376281738281,-258.0376281738281,13.743122100830078,38.10593032836914,False,0.0,1.0,True,1hz,1973-09-28.parquet,10
1973-09-28 08:03:31,1,A56-HS01.ZO01,-267.3669128417969,0.0,267.3669128417969,34.003318786621094,3.967053413391113,False,0.0,1.0,True,1hz,1973-09-28.parquet,10
1973-09-28 08:03:31,2,A56-HS01.ZO02,-250.09548950195312,0.0,250.09548950195312,2.8625988960266118,0.3339698612689972,False,0.0,1.0,True,1hz,1973-09-28.parquet,10
1973-09-28 08:03:31,3,A56-HS01.ZO03,-252.43460083007807,0.0,252.43460083007807,2.621800184249878,0.3058766722679138,False,0.0,1.0,True,1hz,1973-09-28.parquet,10
1973-09-28 08:03:31,4,A56-HS01.ZO04,-258.0376281738281,0.0,258.0376281738281,37.48257827758789,4.372811317443848,False,0.0,1.0,True,1hz,1973-09-28.parquet,10
1973-09-28 08:04:25,1,A56-HS01.ZO01,0.0,-267.3669128417969,-267.3669128417969,3.967053413391113,34.57004165649414,False,0.0,1.0,True,1hz,1973-09-28.parquet,10
1973-09-28 08:04:25,2,A56-HS01.ZO02,0.0,-250.09548950195312,-250.09548950195312,0.3339698612689972,2.910308837890625,False,0.0,1.0,True,1hz,1973-09-28.parquet,10
1973-09-28 08:04:25,3,A56-HS01.ZO03,0.0,-252.43460083007807,-252.43460083007807,0.3058766722679138,2.665496826171875,False,0.0,1.0,True,1hz,1973-09-28.parquet,10
1973-09-28 08:04:25,4,A56-HS01.ZO04,0.0,-258.0376281738281,-258.0376281738281,4.372811317443848,38.1068229675293,False,0.0,1.0,True,1hz,1973-09-28.parquet,10
1973-09-28 09:25:15,1,A56-HS01.ZO01,-267.3669128417969,-262.4710693359375,4.895843505859375,4.795970439910889,-0.0209505669772624,False,0.0,1.0,True,1hz,1973-09-28.parquet,10
1973-09-28 09:25:15,2,A56-HS01.ZO02,-250.09548950195312,-247.2123870849609,2.8831024169921875,2.835838556289673,0.0,False,0.0,1.0,True,1hz,1973-09-28.parquet,10
1973-09-28 09:25:15,3,A56-HS01.ZO03,-252.43460083007807,-249.76910400390625,2.665496826171875,2.621800184249878,0.0,False,0.0,1.0,True,1hz,1973-09-28.parquet,10
1973-09-28 09:25:15,4,A56-HS01.ZO04,-258.0376281738281,-219.93170166015625,38.10592651367188,37.481239318847656,0.0,False,0.0,1.0,True,1hz,1973-09-28.parquet,10
1973-10-17 10:08:16,1,A56-HS01.ZO01,-262.4710693359375,0.0,262.4710693359375,-130.09674072265625,-21.68345832824707,False,0.0,1.0,True,1hz,1973-10-17.parquet,11
1973-10-17 10:08:16,2,A56-HS01.ZO02,-247.2123870849609,0.0,247.2123870849609,40.96982955932617,6.924616813659668,False,0.0,1.0,True,1hz,1973-10-17.parquet,11
1973-10-17 10:08:16,3,A56-HS01.ZO03,-249.76910400390625,0.0,249.76910400390625,42.0430793762207,7.004876613616943,False,0.0,1.0,True,1hz,1973-10-17.parquet,11
1973-10-17 10:08:16,4,A56-HS01.ZO04,-219.93170166015625,0.0,219.93170166015625,40.20867919921875,6.787726879119873,False,0.0,1.0,True,1hz,1973-10-17.parquet,11
1973-10-17 10:09:07,1,A56-HS01.ZO01,0.0,-262.4710693359375,-262.4710693359375,-21.68345832824707,-132.26866149902344,False,0.0,1.0,True,1hz,1973-10-17.parquet,11
1973-10-17 10:09:07,2,A56-HS01.ZO02,0.0,-247.2123870849609,-247.2123870849609,6.840345859527588,42.23346710205078,False,0.0,1.0,True,1hz,1973-10-17.parquet,11
1973-10-17 10:09:07,3,A56-HS01.ZO03,0.0,-249.76910400390625,-249.76910400390625,7.008891105651856,42.72975158691406,False,0.0,1.0,True,1hz,1973-10-17.parquet,11
1973-10-17 10:09:07,4,A56-HS01.ZO04,0.0,-219.93170166015625,-219.93170166015625,6.710142135620117,41.39830780029297,False,0.0,1.0,True,1hz,1973-10-17.parquet,11
1973-10-17 11:13:17,1,A56-HS01.ZO01,-262.4710693359375,0.0,262.4710693359375,-130.0744171142578,-28.18314552307129,False,0.0,1.0,True,1hz,1973-10-17.parquet,11
1973-10-17 11:13:17,2,A56-HS01.ZO02,-247.2123870849609,0.0,247.2123870849609,41.46745300292969,8.984613418579102,False,0.0,1.0,True,1hz,1973-10-17.parquet,11
1973-10-17 11:13:17,3,A56-HS01.ZO03,-249.76910400390625,0.0,249.76910400390625,42.00251007080078,9.100542068481444,False,0.0,1.0,True,1hz,1973-10-17.parquet,11
1973-10-17 11:13:17,4,A56-HS01.ZO04,-219.93170166015625,0.0,219.93170166015625,40.71833419799805,8.822305679321289,False,0.0,1.0,True,1hz,1973-10-17.parquet,11
1973-10-17 11:14:05,1,A56-HS01.ZO01,0.0,-262.4710693359375,-262.4710693359375,-28.182697296142575,-132.2440948486328,False,0.0,1.0,True,1hz,1973-10-17.parquet,11
1973-10-17 11:14:05,2,A56-HS01.ZO02,0.0,-247.2123870849609,-247.2123870849609,8.984613418579102,42.1585807800293,False,0.0,1.0,True,1hz,1973-10-17.parquet,11
1973-10-17 11:14:05,3,A56-HS01.ZO03,0.0,-249.76910400390625,-249.76910400390625,9.100542068481444,42.70255279541016,False,0.0,1.0,True,1hz,1973-10-17.parquet,11
1973-10-17 11:14:05,4,A56-HS01.ZO04,0.0,-219.93170166015625,-219.93170166015625,8.822305679321289,41.39697265625,False,0.0,1.0,True,1hz,1973-10-17.parquet,11
1973-10-17 15:16:12,1,A56-HS01.ZO01,-262.4710693359375,-261.3558959960937,1.11517333984375,12.361315727233888,-0.0169387571513652,False,0.0,1.0,True,1hz,1973-10-17.parquet,11
1973-10-17 15:16:12,2,A56-HS01.ZO02,-247.2123870849609,-251.0474548339844,-3.8350677490234375,11.177928924560549,-0.0004457567702047,False,0.0,1.0,True,1hz,1973-10-17.parquet,11
1973-10-17 15:16:12,3,A56-HS01.ZO03,-249.76910400390625,-251.7274169921875,-1.95831298828125,11.511905670166016,-0.0004462570359464,False,0.0,1.0,True,1hz,1973-10-17.parquet,11
1973-10-17 15:16:12,4,A56-HS01.ZO04,-219.93170166015625,-222.92361450195312,-2.991912841796875,12.404102325439451,-0.0124811893329024,False,0.0,1.0,True,1hz,1973-10-17.parquet,11
1973-10-19 08:11:36,1,A56-HS01.ZO01,-261.3558959960937,0.0,261.3558959960937,15.249755859375,4.808437824249268,False,0.0,1.0,True,1hz,1973-10-19.parquet,11
1973-10-19 08:11:36,2,A56-HS01.ZO02,-251.0474548339844,0.0,251.0474548339844,12.921782493591309,4.143179416656494,False,0.0,1.0,True,1hz,1973-10-19.parquet,11
1973-10-19 08:11:36,3,A56-HS01.ZO03,-251.7274169921875,0.0,251.7274169921875,14.687487602233888,4.351850509643555,False,0.0,1.0,True,1hz,1973-10-19.parquet,11
1973-10-19 08:11:36,4,A56-HS01.ZO04,-222.92361450195312,0.0,222.92361450195312,13.777908325195312,4.029029846191406,False,0.0,1.0,True,1hz,1973-10-19.parquet,11
1973-10-19 08:12:21,1,A56-HS01.ZO01,0.0,-261.3558959960937,-261.3558959960937,4.112854480743408,18.33216667175293,False,0.0,1.0,True,1hz,1973-10-19.parquet,11
1973-10-19 08:12:21,2,A56-HS01.ZO02,0.0,-251.0474548339844,-251.0474548339844,3.4895060062408447,15.799997329711914,False,0.0,1.0,True,1hz,1973-10-19.parquet,11
1973-10-19 08:12:21,3,A56-HS01.ZO03,0.0,-251.7274169921875,-251.7274169921875,3.9438631534576416,16.5914306640625,False,0.0,1.0,True,1hz,1973-10-19.parquet,11
1973-10-19 08:12:21,4,A56-HS01.ZO04,0.0,-222.92361450195312,-222.92361450195312,3.695956468582153,15.365248680114746,False,0.0,1.0,True,1hz,1973-10-19.parquet,11
1973-11-07 07:03:36,1,A56-HS01.ZO01,-261.3558959960937,0.0,261.3558959960937,7.276851654052734,2.910740613937378,False,0.0,1.0,True,1hz,1973-11-07.parquet,12
1973-11-07 07:03:36,2,A56-HS01.ZO02,-251.0474548339844,0.0,251.0474548339844,5.938760757446289,2.3752362728118896,False,0.0,1.0,True,1hz,1973-11-07.parquet,12
1973-11-07 07:03:36,3,A56-HS01.ZO03,-251.7274169921875,0.0,251.7274169921875,2.7823326587677,1.1129330396652222,False,0.0,1.0,True,1hz,1973-11-07.parquet,12
1973-11-07 07:03:36,4,A56-HS01.ZO04,-222.92361450195312,0.0,222.92361450195312,2.006490707397461,0.8025962710380554,False,0.0,1.0,True,1hz,1973-11-07.parquet,12
1973-11-07 07:04:13,1,A56-HS01.ZO01,0.0,-261.3558959960937,-261.3558959960937,2.910740613937378,7.39813232421875,False,0.0,1.0,True,1hz,1973-11-07.parquet,12
1973-11-07 07:04:13,2,A56-HS01.ZO02,0.0,-251.0474548339844,-251.0474548339844,2.3756823539733887,6.036856174468994,False,0.0,1.0,True,1hz,1973-11-07.parquet,12
1973-11-07 07:04:13,3,A56-HS01.ZO03,0.0,-251.7274169921875,-251.7274169921875,1.1129330396652222,2.828704833984375,False,0.0,1.0,True,1hz,1973-11-07.parquet,12
1973-11-07 07:04:13,4,A56-HS01.ZO04,0.0,-222.92361450195312,-222.92361450195312,0.8025962710380554,2.0399322509765625,False,0.0,1.0,True,1hz,1973-11-07.parquet,12
1973-11-07 07:52:55,1,A56-HS01.ZO01,-261.3558959960937,0.0,261.3558959960937,7.357117652893066,0.9809490442276,False,0.0,1.0,True,1hz,1973-11-07.parquet,12
1973-11-07 07:52:55,2,A56-HS01.ZO02,-251.0474548339844,0.0,251.0474548339844,5.96596622467041,0.7954621911048889,False,0.0,1.0,True,1hz,1973-11-07.parquet,12
1973-11-07 07:52:55,3,A56-HS01.ZO03,-251.7274169921875,0.0,251.7274169921875,2.8090779781341557,0.3745437264442444,False,0.0,1.0,True,1hz,1973-11-07.parquet,12
1973-11-07 07:52:55,4,A56-HS01.ZO04,-222.92361450195312,0.0,222.92361450195312,2.0599966049194336,0.2746662199497223,False,0.0,1.0,True,1hz,1973-11-07.parquet,12
1973-11-07 07:53:48,1,A56-HS01.ZO01,0.0,-261.3558959960937,-261.3558959960937,0.9809490442276,7.48062801361084,False,0.0,1.0,True,1hz,1973-11-07.parquet,12
1973-11-07 07:53:48,2,A56-HS01.ZO02,0.0,-251.0474548339844,-251.0474548339844,0.7954621911048889,6.065399169921875,False,0.0,1.0,True,1hz,1973-11-07.parquet,12
1973-11-07 07:53:48,3,A56-HS01.ZO03,0.0,-251.7274169921875,-251.7274169921875,0.3745437264442444,2.85589599609375,False,0.0,1.0,True,1hz,1973-11-07.parquet,12
1973-11-07 07:53:48,4,A56-HS01.ZO04,0.0,-222.92361450195312,-222.92361450195312,0.2746662199497223,2.094329833984375,False,0.0,1.0,True,1hz,1973-11-07.parquet,12
1973-11-29 09:20:36,1,A56-HS01.ZO01,-261.3558959960937,0.0,261.3558959960937,69.26399993896484,11.630057334899902,False,0.0,1.0,True,1hz,1973-11-29.parquet,13
1973-11-29 09:20:36,2,A56-HS01.ZO02,-251.0474548339844,0.0,251.0474548339844,70.08934020996094,11.765158653259276,False,0.0,1.0,True,1hz,1973-11-29.parquet,13
1973-11-29 09:20:36,3,A56-HS01.ZO03,-251.7274169921875,0.0,251.7274169921875,68.90415954589844,11.572089195251465,False,0.0,1.0,True,1hz,1973-11-29.parquet,13
1973-11-29 09:20:36,4,A56-HS01.ZO04,-222.92361450195312,0.0,222.92361450195312,69.07272338867188,11.595726013183594,False,0.0,1.0,True,1hz,1973-11-29.parquet,13
1973-11-29 09:21:27,1,A56-HS01.ZO01,0.0,-261.3558959960937,-261.3558959960937,11.552471160888672,71.11309051513672,False,0.0,1.0,True,1hz,1973-11-29.parquet,13
1973-11-29 09:21:27,2,A56-HS01.ZO02,0.0,-251.0474548339844,-251.0474548339844,11.690250396728516,71.927734375,False,0.0,1.0,True,1hz,1973-11-29.parquet,13
1973-11-29 09:21:27,3,A56-HS01.ZO03,0.0,-251.7274169921875,-251.7274169921875,11.494505882263184,70.77153015136719,False,0.0,1.0,True,1hz,1973-11-29.parquet,13
1973-11-29 09:21:27,4,A56-HS01.ZO04,0.0,-222.92361450195312,-222.92361450195312,11.520814895629885,70.87677001953125,False,0.0,1.0,True,1hz,1973-11-29.parquet,13
1973-11-29 16:18:59,1,A56-HS01.ZO01,-261.3558959960937,-261.2742919921875,0.08160400390625,0.0731261223554611,-0.0084788836538791,False,0.0,1.0,True,1hz,1973-11-29.parquet,13
1973-11-29 16:18:59,2,A56-HS01.ZO02,-251.0474548339844,-251.37384033203125,-0.326385498046875,-0.3014216125011444,0.0231793504208326,False,0.0,1.0,True,1hz,1973-11-29.parquet,13
1973-11-29 16:18:59,3,A56-HS01.ZO03,-251.7274169921875,-253.223388671875,-1.4959716796875,-1.4701087474822998,0.0,False,0.0,1.0,True,1hz,1973-11-29.parquet,13
1973-11-29 16:18:59,4,A56-HS01.ZO04,-222.92361450195312,-226.6498870849609,-3.726272583007813,-3.6651861667633057,-0.0084741311147809,False,0.0,1.0,True,1hz,1973-11-29.parquet,13
1974-01-03 10:50:42,1,A56-HS01.ZO01,-261.2742919921875,-260.8935241699219,0.380767822265625,11.595258712768556,-0.0240708645433187,False,0.0,1.0,True,1hz,1974-01-03.parquet,14
1974-01-03 10:50:42,2,A56-HS01.ZO02,-251.37384033203125,-249.71469116210935,1.659149169921875,13.404240608215332,-0.0031237993389368,False,0.0,1.0,True,1hz,1974-01-03.parquet,14
1974-01-03 10:50:42,3,A56-HS01.ZO03,-253.223388671875,-251.5914306640625,1.6319580078125,14.08199691772461,0.0,False,0.0,1.0,True,1hz,1974-01-03.parquet,14
1974-01-03 10:50:42,4,A56-HS01.ZO04,-226.6498870849609,-223.08680725097656,3.563079833984375,15.895410537719728,0.0017840275540947,False,0.0,1.0,True,1hz,1974-01-03.parquet,14
1974-02-01 10:39:49,1,A56-HS01.ZO01,-260.8935241699219,-263.8854064941406,-2.99188232421875,-2.925896406173706,0.1279647052288055,False,0.0,1.0,True,1hz,1974-02-01.parquet,15
1974-02-01 10:39:49,2,A56-HS01.ZO02,-249.71469116210935,-254.01214599609372,-4.297454833984375,-4.227450370788574,0.0655432492494583,False,0.0,1.0,True,1hz,1974-02-01.parquet,15
1974-02-01 10:39:49,3,A56-HS01.ZO03,-251.5914306640625,-255.5625,-3.9710693359375,-3.8952717781066895,0.0869485810399055,False,0.0,1.0,True,1hz,1974-02-01.parquet,15
1974-02-01 10:39:49,4,A56-HS01.ZO04,-223.08680725097656,-226.70428466796875,-3.617477416992188,-3.5546083450317383,0.0245233755558729,False,0.0,1.0,True,1hz,1974-02-01.parquet,15
1974-02-25 16:12:00,1,A56-HS01.ZO01,-263.8854064941406,0.0,263.8854064941406,0.0,1.128082275390625,False,0.0,29039.0,False,1hz,1974-02-25.parquet,16
1974-02-25 16:12:00,2,A56-HS01.ZO02,-254.01214599609372,0.0,254.01214599609372,0.0,20.92098426818848,False,0.0,29039.0,False,1hz,1974-02-25.parquet,16
1974-02-25 16:12:00,3,A56-HS01.ZO03,-255.5625,0.0,255.5625,0.0,27.20800399780273,False,0.0,29039.0,False,1hz,1974-02-25.parquet,16
1974-02-25 16:12:00,4,A56-HS01.ZO04,-226.70428466796875,0.0,226.70428466796875,0.0,3.487720489501953,False,0.0,29039.0,False,1hz,1974-02-25.parquet,16
1974-02-25 16:12:01,1,A56-HS01.ZO01,0.0,-227.90103149414065,-227.90103149414065,0.5711746215820312,1.1468093395233154,False,0.0,1.0,True,1hz,1974-02-25.parquet,16
1974-02-25 16:12:01,2,A56-HS01.ZO02,0.0,-231.24652099609372,-231.24652099609372,10.63483428955078,21.26966667175293,False,0.0,1.0,True,1hz,1974-02-25.parquet,16
1974-02-25 16:12:01,3,A56-HS01.ZO03,0.0,-238.75347900390625,-238.75347900390625,13.830734252929688,27.661470413208008,False,0.0,1.0,True,1hz,1974-02-25.parquet,16
1974-02-25 16:12:01,4,A56-HS01.ZO04,0.0,-207.42013549804688,-207.42013549804688,1.75433349609375,3.5461316108703613,False,0.0,1.0,True,1hz,1974-02-25.parquet,16
1974-02-27 11:04:35,1,A56-HS01.ZO01,-227.90103149414065,0.0,227.90103149414065,0.4815373718738556,0.0,False,0.0,1.0,True,1hz,1974-02-27.parquet,16
1974-02-27 11:04:35,2,A56-HS01.ZO02,-231.24652099609372,0.0,231.24652099609372,20.57318687438965,0.0,False,0.0,1.0,True,1hz,1974-02-27.parquet,16
1974-02-27 11:04:35,3,A56-HS01.ZO03,-238.75347900390625,0.0,238.75347900390625,-3.395426988601685,0.0,False,0.0,1.0,True,1hz,1974-02-27.parquet,16
1974-02-27 11:04:35,4,A56-HS01.ZO04,-207.42013549804688,0.0,207.42013549804688,-6.768568515777588,0.0,False,0.0,1.0,True,1hz,1974-02-27.parquet,16
1974-02-27 11:06:10,1,A56-HS01.ZO01,0.0,-227.90103149414065,-227.90103149414065,0.0080256229266524,0.48956298828125,False,0.0,1.0,True,1hz,1974-02-27.parquet,16
1974-02-27 11:06:10,2,A56-HS01.ZO02,0.0,-231.24652099609372,-231.24652099609372,0.3428865075111389,20.91607093811035,False,0.0,1.0,True,1hz,1974-02-27.parquet,16
1974-02-27 11:06:10,3,A56-HS01.ZO03,0.0,-238.75347900390625,-238.75347900390625,-0.0566276162862777,-3.453838586807251,False,0.0,1.0,True,1hz,1974-02-27.parquet,16
1974-02-27 11:06:10,4,A56-HS01.ZO04,0.0,-207.42013549804688,-207.42013549804688,-0.1128094792366027,-6.881378173828125,False,0.0,1.0,True,1hz,1974-02-27.parquet,16
1974-02-27 18:32:30,1,A56-HS01.ZO01,-227.90103149414065,-225.7523193359375,2.148712158203125,2.624030113220215,-0.0151557298377156,False,0.0,1.0,True,1hz,1974-02-27.parquet,16
1974-02-27 18:32:30,2,A56-HS01.ZO02,-231.24652099609372,-229.28819274902344,1.9583282470703125,1.9262244701385496,-0.0026760413311421,False,0.0,1.0,True,1hz,1974-02-27.parquet,16
1974-02-27 18:32:30,3,A56-HS01.ZO03,-238.75347900390625,-236.68634033203125,2.067138671875,2.274024724960327,0.0,False,0.0,1.0,True,1hz,1974-02-27.parquet,16
1974-02-27 18:32:30,4,A56-HS01.ZO04,-207.42013549804688,-205.3258056640625,2.094329833984375,6.1055216789245605,-0.0218543373048305,False,0.0,1.0,True,1hz,1974-02-27.parquet,16
1974-02-27 18:39:36,1,A56-HS01.ZO01,-225.7523193359375,-265.109375,-39.3570556640625,-38.71184921264648,-0.0129269454628229,False,0.0,1.0,True,1hz,1974-02-27.parquet,16
1974-02-27 18:39:36,2,A56-HS01.ZO02,-229.28819274902344,-253.60415649414065,-24.315963745117188,-23.911096572875977,0.0,False,0.0,1.0,True,1hz,1974-02-27.parquet,16
1974-02-27 18:39:36,3,A56-HS01.ZO03,-236.68634033203125,-254.47454833984372,-17.7882080078125,-17.496597290039062,0.0,False,0.0,1.0,True,1hz,1974-02-27.parquet,16
1974-02-27 18:39:36,4,A56-HS01.ZO04,-205.3258056640625,-227.90103149414065,-22.575225830078125,-22.205137252807617,0.0,False,0.0,1.0,True,1hz,1974-02-27.parquet,16
1974-04-16 14:03:50,1,A56-HS01.ZO01,-265.109375,-262.2806701660156,2.828704833984375,2.790356159210205,0.0,False,0.0,1.0,True,1hz,1974-04-16.parquet,17
1974-04-16 14:03:50,2,A56-HS01.ZO02,-253.60415649414065,-251.07464599609372,2.529510498046875,2.488043069839477,0.0,False,0.0,1.0,True,1hz,1974-04-16.parquet,17
1974-04-16 14:03:50,3,A56-HS01.ZO03,-254.47454833984372,-252.7882080078125,1.68634033203125,1.655575156211853,0.0,False,0.0,1.0,True,1hz,1974-04-16.parquet,17
1974-04-16 14:03:50,4,A56-HS01.ZO04,-227.90103149414065,-226.73147583007807,1.1695556640625,1.1503826379776,0.0,False,0.0,1.0,True,1hz,1974-04-16.parquet,17
1974-05-09 09:49:06,1,A56-HS01.ZO01,-262.2806701660156,0.0,262.2806701660156,39.07749176025391,15.62742805480957,False,0.0,1.0,True,1hz,1974-05-09.parquet,18
1974-05-09 09:49:06,2,A56-HS01.ZO02,-251.07464599609372,0.0,251.07464599609372,33.22745895385742,13.290983200073242,False,0.0,1.0,True,1hz,1974-05-09.parquet,18
1974-05-09 09:49:06,3,A56-HS01.ZO03,-252.7882080078125,0.0,252.7882080078125,34.43091583251953,13.198690414428713,False,0.0,1.0,True,1hz,1974-05-09.parquet,18
1974-05-09 09:49:06,4,A56-HS01.ZO04,-226.73147583007807,0.0,226.73147583007807,39.38069152832031,15.095932006835938,False,0.0,1.0,True,1hz,1974-05-09.parquet,18
1974-05-09 09:49:44,1,A56-HS01.ZO01,0.0,-262.2806701660156,-262.2806701660156,15.634119033813477,39.71733856201172,False,0.0,1.0,True,1hz,1974-05-09.parquet,18
1974-05-09 09:49:44,2,A56-HS01.ZO02,0.0,-251.07464599609372,-251.07464599609372,13.290983200073242,33.78125,False,0.0,1.0,True,1hz,1974-05-09.parquet,18
1974-05-09 09:49:44,3,A56-HS01.ZO03,0.0,-252.7882080078125,-252.7882080078125,13.198688507080078,35.00521469116211,False,0.0,1.0,True,1hz,1974-05-09.parquet,18
1974-05-09 09:49:44,4,A56-HS01.ZO04,0.0,-226.73147583007807,-226.73147583007807,15.095930099487305,40.03792953491211,False,0.0,1.0,True,1hz,1974-05-09.parquet,18
1974-05-10 06:08:59,1,A56-HS01.ZO01,-262.2806701660156,-244.87326049804688,17.40740966796875,17.126056671142578,0.003566054161638,False,0.0,1.0,True,1hz,1974-05-10.parquet,18
1974-05-10 06:08:59,2,A56-HS01.ZO02,-251.07464599609372,-233.44964599609372,17.625,17.3360652923584,-0.0008920137770473,False,0.0,1.0,True,1hz,1974-05-10.parquet,18
1974-05-10 06:08:59,3,A56-HS01.ZO03,-252.7882080078125,-240.65740966796875,12.13079833984375,11.93193244934082,0.0,False,0.0,1.0,True,1hz,1974-05-10.parquet,18
1974-05-10 06:08:59,4,A56-HS01.ZO04,-226.73147583007807,-210.4664306640625,16.265045166015625,15.998403549194336,0.0004457567702047,False,0.0,1.0,True,1hz,1974-05-10.parquet,18
1974-05-10 13:02:37,1,A56-HS01.ZO01,-244.87326049804688,0.0,244.87326049804688,-0.1070116385817527,-0.0231858547776937,False,0.0,1.0,True,1hz,1974-05-10.parquet,18
1974-05-10 13:02:37,2,A56-HS01.ZO02,-233.44964599609372,0.0,233.44964599609372,-1.0951077938079834,-0.2376598864793777,False,0.0,1.0,True,1hz,1974-05-10.parquet,18
1974-05-10 13:02:37,3,A56-HS01.ZO03,-240.65740966796875,0.0,240.65740966796875,0.1872778683900833,0.040576871484518,False,0.0,1.0,True,1hz,1974-05-10.parquet,18
1974-05-10 13:02:37,4,A56-HS01.ZO04,-210.4664306640625,0.0,210.4664306640625,-1.551683783531189,-0.3361981511116028,False,0.0,1.0,True,1hz,1974-05-10.parquet,18
1974-05-10 13:03:25,1,A56-HS01.ZO01,0.0,-244.87326049804688,-244.87326049804688,-0.0231858547776937,-0.108795166015625,False,0.0,1.0,True,1hz,1974-05-10.parquet,18
1974-05-10 13:03:25,2,A56-HS01.ZO02,0.0,-233.44964599609372,-233.44964599609372,-0.2376598864793777,-1.11517333984375,False,0.0,1.0,True,1hz,1974-05-10.parquet,18
1974-05-10 13:03:25,3,A56-HS01.ZO03,0.0,-240.65740966796875,-240.65740966796875,0.040576871484518,0.190399169921875,False,0.0,1.0,True,1hz,1974-05-10.parquet,18
1974-05-10 13:03:25,4,A56-HS01.ZO04,0.0,-210.4664306640625,-210.4664306640625,-0.3361981511116028,-1.577545166015625,False,0.0,1.0,True,1hz,1974-05-10.parquet,18
1974-05-10 13:32:51,1,A56-HS01.ZO01,-244.87326049804688,0.0,244.87326049804688,-0.1070116385817527,-0.0338870175182819,False,0.0,1.0,True,1hz,1974-05-10.parquet,18
1974-05-10 13:32:51,2,A56-HS01.ZO02,-233.44964599609372,0.0,233.44964599609372,-1.0968917608261108,-0.34734907746315,False,0.0,1.0,True,1hz,1974-05-10.parquet,18
1974-05-10 13:32:51,3,A56-HS01.ZO03,-240.65740966796875,0.0,240.65740966796875,0.1872778683900833,0.0593046583235263,False,0.0,1.0,True,1hz,1974-05-10.parquet,18
1974-05-10 13:32:51,4,A56-HS01.ZO04,-210.4664306640625,0.0,210.4664306640625,-1.551683783531189,-0.4913665354251861,False,0.0,1.0,True,1hz,1974-05-10.parquet,18
1974-05-10 13:33:33,1,A56-HS01.ZO01,0.0,-244.87326049804688,-244.87326049804688,-0.0338870175182819,-0.108795166015625,False,0.0,1.0,True,1hz,1974-05-10.parquet,18
1974-05-10 13:33:33,2,A56-HS01.ZO02,0.0,-233.44964599609372,-233.44964599609372,-0.34734907746315,-1.11517333984375,False,0.0,1.0,True,1hz,1974-05-10.parquet,18
1974-05-10 13:33:33,3,A56-HS01.ZO03,0.0,-240.65740966796875,-240.65740966796875,0.0593046583235263,0.190399169921875,False,0.0,1.0,True,1hz,1974-05-10.parquet,18
1974-05-10 13:33:33,4,A56-HS01.ZO04,0.0,-210.4664306640625,-210.4664306640625,-0.4913665354251861,-1.577545166015625,False,0.0,1.0,True,1hz,1974-05-10.parquet,18
1974-05-11 06:26:19,1,A56-HS01.ZO01,-244.87326049804688,0.0,244.87326049804688,53.07830810546875,7.961747169494629,False,0.0,1.0,True,1hz,1974-05-11.parquet,18
1974-05-11 06:26:19,2,A56-HS01.ZO02,-233.44964599609372,0.0,233.44964599609372,52.35686492919922,7.853396415710449,False,0.0,1.0,True,1hz,1974-05-11.parquet,18
1974-05-11 06:26:19,3,A56-HS01.ZO03,-240.65740966796875,0.0,240.65740966796875,52.14195251464844,7.821292877197266,False,0.0,1.0,True,1hz,1974-05-11.parquet,18
1974-05-11 06:26:19,4,A56-HS01.ZO04,-210.4664306640625,0.0,210.4664306640625,52.48929214477539,7.871233940124512,False,0.0,1.0,True,1hz,1974-05-11.parquet,18
1974-05-11 06:27:11,1,A56-HS01.ZO01,0.0,-244.87326049804688,-244.87326049804688,7.961747169494629,53.96294784545898,False,0.0,1.0,True,1hz,1974-05-11.parquet,18
1974-05-11 06:27:11,2,A56-HS01.ZO02,0.0,-233.44964599609372,-233.44964599609372,7.853396415710449,53.22857284545898,False,0.0,1.0,True,1hz,1974-05-11.parquet,18
1974-05-11 06:27:11,3,A56-HS01.ZO03,0.0,-240.65740966796875,-240.65740966796875,7.821292877197266,53.010986328125,False,0.0,1.0,True,1hz,1974-05-11.parquet,18
1974-05-11 06:27:11,4,A56-HS01.ZO04,0.0,-210.4664306640625,-210.4664306640625,7.873016834259033,53.34451675415039,False,0.0,1.0,True,1hz,1974-05-11.parquet,18
1974-05-12 12:26:30,1,A56-HS01.ZO01,-244.87326049804688,0.0,244.87326049804688,69.82581329345703,69.1645736694336,False,0.0,1.0,True,1hz,1974-05-12.parquet,18
1974-05-12 12:26:30,2,A56-HS01.ZO02,-233.44964599609372,0.0,233.44964599609372,69.26399993896484,68.57331085205078,False,0.0,1.0,True,1hz,1974-05-12.parquet,18
1974-05-12 12:26:30,3,A56-HS01.ZO03,-240.65740966796875,0.0,240.65740966796875,68.98934936523438,68.32051086425781,False,0.0,1.0,True,1hz,1974-05-12.parquet,18
1974-05-12 12:26:30,4,A56-HS01.ZO04,-210.4664306640625,0.0,210.4664306640625,68.94293212890625,68.24425506591797,False,0.0,1.0,True,1hz,1974-05-12.parquet,18
1974-05-12 12:26:32,1,A56-HS01.ZO01,0.0,-244.87326049804688,-244.87326049804688,68.66828918457031,71.51261901855469,False,0.0,1.0,True,1hz,1974-05-12.parquet,18
1974-05-12 12:26:32,2,A56-HS01.ZO02,0.0,-233.44964599609372,-233.44964599609372,68.11539459228516,70.9017333984375,False,0.0,1.0,True,1hz,1974-05-12.parquet,18
1974-05-12 12:26:32,3,A56-HS01.ZO03,0.0,-240.65740966796875,-240.65740966796875,67.8460922241211,70.64000701904297,False,0.0,1.0,True,1hz,1974-05-12.parquet,18
1974-05-12 12:26:32,4,A56-HS01.ZO04,0.0,-210.4664306640625,-210.4664306640625,67.79924774169922,70.56107330322266,False,0.0,1.0,True,1hz,1974-05-12.parquet,18
1974-05-12 13:54:42,1,A56-HS01.ZO01,-244.87326049804688,0.0,244.87326049804688,71.32354736328125,66.56905364990234,False,0.0,1.0,True,1hz,1974-05-12.parquet,18
1974-05-12 13:54:42,2,A56-HS01.ZO02,-233.44964599609372,0.0,233.44964599609372,70.5731201171875,65.86813354492188,False,0.0,1.0,True,1hz,1974-05-12.parquet,18
1974-05-12 13:54:42,3,A56-HS01.ZO03,-240.65740966796875,0.0,240.65740966796875,70.28062438964844,65.59524536132812,False,0.0,1.0,True,1hz,1974-05-12.parquet,18
1974-05-12 13:54:42,4,A56-HS01.ZO04,-210.4664306640625,0.0,210.4664306640625,70.21417236328125,65.54218292236328,False,0.0,1.0,True,1hz,1974-05-12.parquet,18
1974-05-12 13:54:47,1,A56-HS01.ZO01,0.0,-244.87326049804688,-244.87326049804688,66.56905364990234,72.51272583007812,False,0.0,1.0,True,1hz,1974-05-12.parquet,18
1974-05-12 13:54:47,2,A56-HS01.ZO02,0.0,-233.44964599609372,-233.44964599609372,65.86813354492188,71.7493667602539,False,0.0,1.0,True,1hz,1974-05-12.parquet,18
1974-05-12 13:54:47,3,A56-HS01.ZO03,0.0,-240.65740966796875,-240.65740966796875,65.59524536132812,71.45197296142578,False,0.0,1.0,True,1hz,1974-05-12.parquet,18
1974-05-12 13:54:47,4,A56-HS01.ZO04,0.0,-210.4664306640625,-210.4664306640625,65.5323715209961,71.3935546875,False,0.0,1.0,True,1hz,1974-05-12.parquet,18
1974-05-13 10:35:18,1,A56-HS01.ZO01,-244.87326049804688,0.0,244.87326049804688,11.57431697845459,11.416921615600586,False,0.0,1.0,True,1hz,1974-05-13.parquet,18
1974-05-13 10:35:18,2,A56-HS01.ZO02,-233.44964599609372,0.0,233.44964599609372,11.79814338684082,12.788018226623535,False,0.0,1.0,True,1hz,1974-05-13.parquet,18
1974-05-13 10:35:18,3,A56-HS01.ZO03,-240.65740966796875,0.0,240.65740966796875,15.677370071411133,15.333142280578612,False,0.0,1.0,True,1hz,1974-05-13.parquet,18
1974-05-13 10:35:18,4,A56-HS01.ZO04,-210.4664306640625,0.0,210.4664306640625,12.948526382446287,12.875858306884766,False,0.0,1.0,True,1hz,1974-05-13.parquet,18
1974-05-13 10:35:21,1,A56-HS01.ZO01,0.0,-244.87326049804688,-244.87326049804688,11.190407752990724,12.04294490814209,False,0.0,1.0,True,1hz,1974-05-13.parquet,18
1974-05-13 10:35:21,2,A56-HS01.ZO02,0.0,-233.44964599609372,-233.44964599609372,11.4173583984375,13.57010269165039,False,0.0,1.0,True,1hz,1974-05-13.parquet,18
1974-05-13 10:35:21,3,A56-HS01.ZO03,0.0,-240.65740966796875,-240.65740966796875,15.156574249267578,16.151344299316406,False,0.0,1.0,True,1hz,1974-05-13.parquet,18
1974-05-13 10:35:21,4,A56-HS01.ZO04,0.0,-210.4664306640625,-210.4664306640625,12.518248558044434,13.621382713317873,False,0.0,1.0,True,1hz,1974-05-13.parquet,18
1974-05-13 10:46:26,1,A56-HS01.ZO01,-244.87326049804688,0.0,244.87326049804688,12.600749969482422,12.180726051330566,False,0.0,1.0,True,1hz,1974-05-13.parquet,18
1974-05-13 10:46:26,2,A56-HS01.ZO02,-233.44964599609372,0.0,233.44964599609372,15.730860710144045,15.206499099731444,False,0.0,1.0,True,1hz,1974-05-13.parquet,18
1974-05-13 10:46:26,3,A56-HS01.ZO03,-240.65740966796875,0.0,240.65740966796875,16.483537673950195,15.951592445373535,False,0.0,1.0,True,1hz,1974-05-13.parquet,18
1974-05-13 10:46:26,4,A56-HS01.ZO04,-210.4664306640625,0.0,210.4664306640625,14.98489761352539,14.506457328796388,False,0.0,1.0,True,1hz,1974-05-13.parquet,18
1974-05-13 10:46:29,1,A56-HS01.ZO01,0.0,-244.87326049804688,-244.87326049804688,12.180724143981934,12.810763359069824,False,0.0,1.0,True,1hz,1974-05-13.parquet,18
1974-05-13 10:46:29,2,A56-HS01.ZO02,0.0,-233.44964599609372,-233.44964599609372,15.206499099731444,15.9930419921875,False,0.0,1.0,True,1hz,1974-05-13.parquet,18
1974-05-13 10:46:29,3,A56-HS01.ZO03,0.0,-240.65740966796875,-240.65740966796875,15.934652328491213,16.77692985534668,False,0.0,1.0,True,1hz,1974-05-13.parquet,18
1974-05-13 10:46:29,4,A56-HS01.ZO04,0.0,-210.4664306640625,-210.4664306640625,14.48550796508789,15.256437301635742,False,0.0,1.0,True,1hz,1974-05-13.parquet,18
1974-05-28 08:00:26,1,A56-HS01.ZO01,-244.87326049804688,0.0,244.87326049804688,49.6806640625,48.71487808227539,False,0.0,1.0,True,1hz,1974-05-28.parquet,19
1974-05-28 08:00:26,2,A56-HS01.ZO02,-233.44964599609372,0.0,233.44964599609372,50.467655181884766,49.27000427246094,False,0.0,1.0,True,1hz,1974-05-28.parquet,19
1974-05-28 08:00:26,3,A56-HS01.ZO03,-240.65740966796875,0.0,240.65740966796875,49.591941833496094,48.35326766967773,False,0.0,1.0,True,1hz,1974-05-28.parquet,19
1974-05-28 08:00:26,4,A56-HS01.ZO04,-210.4664306640625,0.0,210.4664306640625,49.6806640625,48.39204406738281,False,0.0,1.0,True,1hz,1974-05-28.parquet,19
1974-05-28 08:00:29,1,A56-HS01.ZO01,0.0,-244.87326049804688,-244.87326049804688,48.02998352050781,51.25062942504883,False,0.0,1.0,True,1hz,1974-05-28.parquet,19
1974-05-28 08:00:29,2,A56-HS01.ZO02,0.0,-233.44964599609372,-233.44964599609372,48.78977584838867,51.828495025634766,False,0.0,1.0,True,1hz,1974-05-28.parquet,19
1974-05-28 08:00:29,3,A56-HS01.ZO03,0.0,-240.65740966796875,-240.65740966796875,47.9426155090332,50.86271286010742,False,0.0,1.0,True,1hz,1974-05-28.parquet,19
1974-05-28 08:00:29,4,A56-HS01.ZO04,0.0,-210.4664306640625,-210.4664306640625,48.02775573730469,50.90194320678711,False,0.0,1.0,True,1hz,1974-05-28.parquet,19
1974-05-28 11:05:25,1,A56-HS01.ZO01,-244.87326049804688,-247.620361328125,-2.747100830078125,29.469972610473636,-0.0312204826623201,False,0.0,1.0,True,1hz,1974-05-28.parquet,19
1974-05-28 11:05:25,2,A56-HS01.ZO02,-233.44964599609372,-237.58392333984372,-4.13427734375,30.78577995300293,0.0263291653245687,False,0.0,1.0,True,1hz,1974-05-28.parquet,19
1974-05-28 11:05:25,3,A56-HS01.ZO03,-240.65740966796875,-242.83334350585935,-2.175933837890625,29.908287048339844,-0.0164930000901222,False,0.0,1.0,True,1hz,1974-05-28.parquet,19
1974-05-28 11:05:25,4,A56-HS01.ZO04,-210.4664306640625,-212.77835083007807,-2.311920166015625,31.377918243408203,-0.0227463524788618,False,0.0,1.0,True,1hz,1974-05-28.parquet,19
1974-05-28 11:26:30,1,A56-HS01.ZO01,-247.620361328125,0.0,247.620361328125,-0.0080281244590878,0.6879940629005432,False,0.0,1.0,True,1hz,1974-05-28.parquet,19
1974-05-28 11:26:30,2,A56-HS01.ZO02,-237.58392333984372,0.0,237.58392333984372,0.0535208284854888,0.5520174503326416,False,0.0,1.0,True,1hz,1974-05-28.parquet,19
1974-05-28 11:26:30,3,A56-HS01.ZO03,-242.83334350585935,0.0,242.83334350585935,-0.0084693785756826,0.6131031513214111,False,0.0,1.0,True,1hz,1974-05-28.parquet,19
1974-05-28 11:26:30,4,A56-HS01.ZO04,-212.77835083007807,0.0,212.77835083007807,-0.0267604142427444,0.285808116197586,False,0.0,1.0,True,1hz,1974-05-28.parquet,19
1974-05-28 11:26:33,1,A56-HS01.ZO01,0.0,-247.620361328125,-247.620361328125,-0.0022315352689474,0.7423913478851318,False,0.0,1.0,True,1hz,1974-05-28.parquet,19
1974-05-28 11:26:33,2,A56-HS01.ZO02,0.0,-237.58392333984372,-237.58392333984372,0.0553038567304611,0.673744797706604,False,0.0,1.0,True,1hz,1974-05-28.parquet,19
1974-05-28 11:26:33,3,A56-HS01.ZO03,0.0,-242.83334350585935,-242.83334350585935,-0.0040103099308907,0.6630429029464722,False,0.0,1.0,True,1hz,1974-05-28.parquet,19
1974-05-28 11:26:33,4,A56-HS01.ZO04,0.0,-212.77835083007807,-212.77835083007807,-0.0245308801531791,0.3986170887947082,False,0.0,1.0,True,1hz,1974-05-28.parquet,19
1974-06-18 11:31:59,1,A56-HS01.ZO01,-247.620361328125,0.0,247.620361328125,50.5586166381836,11.01963710784912,False,0.0,1.0,True,1hz,1974-06-18.parquet,20
1974-06-18 11:31:59,2,A56-HS01.ZO02,-237.58392333984372,0.0,237.58392333984372,49.68291091918945,10.878741264343262,False,0.0,1.0,True,1hz,1974-06-18.parquet,20
1974-06-18 11:31:59,3,A56-HS01.ZO03,-242.83334350585935,0.0,242.83334350585935,49.734169006347656,10.861796379089355,False,0.0,1.0,True,1hz,1974-06-18.parquet,20
1974-06-18 11:31:59,4,A56-HS01.ZO04,-212.77835083007807,0.0,212.77835083007807,50.376243591308594,11.011610984802246,False,0.0,1.0,True,1hz,1974-06-18.parquet,20
1974-06-18 11:32:47,1,A56-HS01.ZO01,0.0,-247.620361328125,-247.620361328125,10.959888458251951,51.91321563720703,False,0.0,1.0,True,1hz,1974-06-18.parquet,20
1974-06-18 11:32:47,2,A56-HS01.ZO02,0.0,-237.58392333984372,-237.58392333984372,10.769942283630373,51.58639907836914,False,0.0,1.0,True,1hz,1974-06-18.parquet,20
1974-06-18 11:32:47,3,A56-HS01.ZO03,0.0,-242.83334350585935,-242.83334350585935,10.781980514526367,51.829856872558594,False,0.0,1.0,True,1hz,1974-06-18.parquet,20
1974-06-18 11:32:47,4,A56-HS01.ZO04,0.0,-212.77835083007807,-212.77835083007807,10.919312477111816,52.143310546875,False,0.0,1.0,True,1hz,1974-06-18.parquet,20
1974-06-18 18:47:09,1,A56-HS01.ZO01,-247.620361328125,-249.5787048339844,-1.958343505859375,-1.9213361740112305,-0.8115169405937195,False,0.0,1.0,True,1hz,1974-06-18.parquet,20
1974-06-18 18:47:09,2,A56-HS01.ZO02,-237.58392333984372,-240.63021850585935,-3.046295166015625,-2.9927878379821777,-0.8828482627868652,False,0.0,1.0,True,1hz,1974-06-18.parquet,20
1974-06-18 18:47:09,3,A56-HS01.ZO03,-242.83334350585935,-245.19964599609372,-2.366302490234375,-2.322161912918091,-0.8173152804374695,False,0.0,1.0,True,1hz,1974-06-18.parquet,20
1974-06-18 18:47:09,4,A56-HS01.ZO04,-212.77835083007807,-216.6950225830078,-3.916671752929688,-3.851572036743164,-0.8132959604263306,False,0.0,1.0,True,1hz,1974-06-18.parquet,20
1974-06-26 09:07:46,1,A56-HS01.ZO01,-249.5787048339844,-255.8616943359375,-6.282989501953125,-6.17731523513794,-0.0008915135404095,False,0.0,1.0,True,1hz,1974-06-26.parquet,21
1974-06-26 09:07:46,2,A56-HS01.ZO02,-240.63021850585935,-245.28125,-4.651031494140625,-4.574785232543945,-0.0378998294472694,False,0.0,1.0,True,1hz,1974-06-26.parquet,21
1974-06-26 09:07:46,3,A56-HS01.ZO03,-245.19964599609372,-250.36746215820312,-5.167816162109375,-5.059918403625488,0.0008915135404095,False,0.0,1.0,True,1hz,1974-06-26.parquet,21
1974-06-26 09:07:46,4,A56-HS01.ZO04,-216.6950225830078,-221.645263671875,-4.950241088867188,-4.869090557098389,-0.0249691326171159,False,0.0,1.0,True,1hz,1974-06-26.parquet,21
1974-06-26 09:09:07,1,A56-HS01.ZO01,-255.8616943359375,-256.0520935058594,-0.190399169921875,-0.0343307740986347,-0.2296227663755417,False,0.0,1.0,True,1hz,1974-06-26.parquet,21
1974-06-26 09:09:07,2,A56-HS01.ZO02,-245.28125,-246.36920166015625,-1.08795166015625,-0.3642878234386444,-0.2265229821205139,False,0.0,1.0,True,1hz,1974-06-26.parquet,21
1974-06-26 09:09:07,3,A56-HS01.ZO03,-250.36746215820312,-250.50347900390625,-0.136016845703125,-0.024975886568427,-0.1765652000904083,False,0.0,1.0,True,1hz,1974-06-26.parquet,21
1974-06-26 09:09:07,4,A56-HS01.ZO04,-221.645263671875,-222.48843383789065,-0.843170166015625,-0.2465727776288986,-0.2086656987667083,False,0.0,1.0,True,1hz,1974-06-26.parquet,21
1974-07-04 15:30:50,1,A56-HS01.ZO01,-256.0520935058594,-257.1400451660156,-1.08795166015625,-1.0594182014465332,0.0,False,0.0,1.0,True,1hz,1974-07-04.parquet,22
1974-07-04 15:30:50,2,A56-HS01.ZO02,-246.36920166015625,-244.9820556640625,1.38714599609375,1.367971897125244,0.0008915135404095,False,0.0,1.0,True,1hz,1974-07-04.parquet,22
1974-07-04 15:30:50,3,A56-HS01.ZO03,-250.50347900390625,-251.07464599609372,-0.5711669921875,-0.5618035793304443,-0.0151557298377156,False,0.0,1.0,True,1hz,1974-07-04.parquet,22
1974-07-04 15:30:50,4,A56-HS01.ZO04,-222.48843383789065,-223.57638549804688,-1.08795166015625,-1.0420331954956057,0.0450306870043277,False,0.0,1.0,True,1hz,1974-07-04.parquet,22
1974-07-25 05:33:34,1,A56-HS01.ZO01,-257.1400451660156,0.0,257.1400451660156,7.062828063964844,9.01715850830078,False,0.0,1.0,True,1hz,1974-07-25.parquet,23
1974-07-25 05:33:34,2,A56-HS01.ZO02,-244.9820556640625,0.0,244.9820556640625,10.326727867126465,11.104351997375488,False,0.0,1.0,True,1hz,1974-07-25.parquet,23
1974-07-25 05:33:34,3,A56-HS01.ZO03,-251.07464599609372,0.0,251.07464599609372,11.209582328796388,10.928678512573242,False,0.0,1.0,True,1hz,1974-07-25.parquet,23
1974-07-25 05:33:34,4,A56-HS01.ZO04,-223.57638549804688,0.0,223.57638549804688,10.754775047302246,12.34079933166504,False,0.0,1.0,True,1hz,1974-07-25.parquet,23
1974-07-25 05:33:37,1,A56-HS01.ZO01,0.0,-257.1400451660156,-257.1400451660156,6.835872650146484,9.536170959472656,False,0.0,1.0,True,1hz,1974-07-25.parquet,23
1974-07-25 05:33:37,2,A56-HS01.ZO02,0.0,-244.9820556640625,-244.9820556640625,9.98428726196289,11.7018404006958,False,0.0,1.0,True,1hz,1974-07-25.parquet,23
1974-07-25 05:33:37,3,A56-HS01.ZO03,0.0,-251.07464599609372,-251.07464599609372,10.836376190185549,11.49584674835205,False,0.0,1.0,True,1hz,1974-07-25.parquet,23
1974-07-25 05:33:37,4,A56-HS01.ZO04,0.0,-223.57638549804688,-223.57638549804688,10.398958206176758,13.016318321228027,False,0.0,1.0,True,1hz,1974-07-25.parquet,23
1974-07-25 08:55:16,1,A56-HS01.ZO01,-257.1400451660156,0.0,257.1400451660156,10.605862617492676,10.261189460754396,False,0.0,1.0,True,1hz,1974-07-25.parquet,23
1974-07-25 08:55:16,2,A56-HS01.ZO02,-244.9820556640625,0.0,244.9820556640625,12.145941734313965,11.741077423095703,False,0.0,1.0,True,1hz,1974-07-25.parquet,23
1974-07-25 08:55:16,3,A56-HS01.ZO03,-251.07464599609372,0.0,251.07464599609372,11.477110862731934,11.09409523010254,False,0.0,1.0,True,1hz,1974-07-25.parquet,23
1974-07-25 08:55:16,4,A56-HS01.ZO04,-223.57638549804688,0.0,223.57638549804688,13.697637557983398,13.241048812866213,False,0.0,1.0,True,1hz,1974-07-25.parquet,23
1974-07-25 08:55:19,1,A56-HS01.ZO01,0.0,-257.1400451660156,-257.1400451660156,10.252274513244627,10.79223918914795,False,0.0,1.0,True,1hz,1974-07-25.parquet,23
1974-07-25 08:55:19,2,A56-HS01.ZO02,0.0,-244.9820556640625,-244.9820556640625,11.741076469421388,12.348374366760254,False,0.0,1.0,True,1hz,1974-07-25.parquet,23
1974-07-25 08:55:19,3,A56-HS01.ZO03,0.0,-251.07464599609372,-251.07464599609372,11.0945405960083,11.667949676513672,False,0.0,1.0,True,1hz,1974-07-25.parquet,23
1974-07-25 08:55:19,4,A56-HS01.ZO04,0.0,-223.57638549804688,-223.57638549804688,13.241050720214844,13.925930976867676,False,0.0,1.0,True,1hz,1974-07-25.parquet,23
1974-07-25 08:57:02,1,A56-HS01.ZO01,-257.1400451660156,0.0,257.1400451660156,10.621017456054688,10.252721786499023,False,0.0,1.0,True,1hz,1974-07-25.parquet,23
1974-07-25 08:57:02,2,A56-HS01.ZO02,-244.9820556640625,0.0,244.9820556640625,12.145941734313965,11.741077423095703,False,0.0,1.0,True,1hz,1974-07-25.parquet,23
1974-07-25 08:57:02,3,A56-HS01.ZO03,-251.07464599609372,0.0,251.07464599609372,11.477110862731934,11.09231185913086,False,0.0,1.0,True,1hz,1974-07-25.parquet,23
1974-07-25 08:57:02,4,A56-HS01.ZO04,-223.57638549804688,0.0,223.57638549804688,13.697637557983398,13.241048812866213,False,0.0,1.0,True,1hz,1974-07-25.parquet,23
1974-07-25 08:57:05,1,A56-HS01.ZO01,0.0,-257.1400451660156,-257.1400451660156,10.26698398590088,10.782434463500977,False,0.0,1.0,True,1hz,1974-07-25.parquet,23
1974-07-25 08:57:05,2,A56-HS01.ZO02,0.0,-244.9820556640625,-244.9820556640625,11.741076469421388,12.348374366760254,False,0.0,1.0,True,1hz,1974-07-25.parquet,23
1974-07-25 08:57:05,3,A56-HS01.ZO03,0.0,-251.07464599609372,-251.07464599609372,11.0945405960083,11.666166305541992,False,0.0,1.0,True,1hz,1974-07-25.parquet,23
1974-07-25 08:57:05,4,A56-HS01.ZO04,0.0,-223.57638549804688,-223.57638549804688,13.241050720214844,13.925930976867676,False,0.0,1.0,True,1hz,1974-07-25.parquet,23
1974-07-25 08:59:13,1,A56-HS01.ZO01,-257.1400451660156,0.0,257.1400451660156,10.594274520874023,10.258959770202637,False,0.0,1.0,True,1hz,1974-07-25.parquet,23
1974-07-25 08:59:13,2,A56-HS01.ZO02,-244.9820556640625,0.0,244.9820556640625,12.145941734313965,11.741077423095703,False,0.0,1.0,True,1hz,1974-07-25.parquet,23
1974-07-25 08:59:13,3,A56-HS01.ZO03,-251.07464599609372,0.0,251.07464599609372,11.477110862731934,11.0945405960083,False,0.0,1.0,True,1hz,1974-07-25.parquet,23
1974-07-25 08:59:13,4,A56-HS01.ZO04,-223.57638549804688,0.0,223.57638549804688,13.697637557983398,13.241048812866213,False,0.0,1.0,True,1hz,1974-07-25.parquet,23
1974-07-25 08:59:16,1,A56-HS01.ZO01,0.0,-257.1400451660156,-257.1400451660156,10.241576194763184,10.790011405944824,False,0.0,1.0,True,1hz,1974-07-25.parquet,23
1974-07-25 08:59:16,2,A56-HS01.ZO02,0.0,-244.9820556640625,-244.9820556640625,11.741076469421388,12.348374366760254,False,0.0,1.0,True,1hz,1974-07-25.parquet,23
1974-07-25 08:59:16,3,A56-HS01.ZO03,0.0,-251.07464599609372,-251.07464599609372,11.0945405960083,11.66839599609375,False,0.0,1.0,True,1hz,1974-07-25.parquet,23
1974-07-25 08:59:16,4,A56-HS01.ZO04,0.0,-223.57638549804688,-223.57638549804688,13.241050720214844,13.925930976867676,False,0.0,1.0,True,1hz,1974-07-25.parquet,23
1974-07-25 09:02:08,1,A56-HS01.ZO01,-257.1400451660156,0.0,257.1400451660156,10.621017456054688,0.0,False,0.0,1.0,True,1hz,1974-07-25.parquet,23
1974-07-25 09:02:08,2,A56-HS01.ZO02,-244.9820556640625,0.0,244.9820556640625,12.145941734313965,0.0,False,0.0,1.0,True,1hz,1974-07-25.parquet,23
1974-07-25 09:02:08,3,A56-HS01.ZO03,-251.07464599609372,0.0,251.07464599609372,11.477110862731934,0.0,False,0.0,1.0,True,1hz,1974-07-25.parquet,23
1974-07-25 09:02:08,4,A56-HS01.ZO04,-223.57638549804688,0.0,223.57638549804688,13.697637557983398,0.0,False,0.0,1.0,True,1hz,1974-07-25.parquet,23
1974-07-25 09:06:29,1,A56-HS01.ZO01,0.0,-244.8733062744141,-244.8733062744141,-0.0240771193057298,-1.4887633323669434,False,0.0,1.0,True,1hz,1974-07-25.parquet,23
1974-07-25 09:06:29,2,A56-HS01.ZO02,0.0,-233.44960021972656,-233.44960021972656,0.0133757041767239,0.8333122134208679,False,0.0,1.0,True,1hz,1974-07-25.parquet,23
1974-07-25 09:06:29,3,A56-HS01.ZO03,0.0,-240.6573944091797,-240.6573944091797,0.0205105636268854,1.2511444091796875,False,0.0,1.0,True,1hz,1974-07-25.parquet,23
1974-07-25 09:06:29,4,A56-HS01.ZO04,0.0,-210.4664001464844,-210.4664001464844,0.0133762042969465,0.815948486328125,False,0.0,1.0,True,1hz,1974-07-25.parquet,23
1974-07-25 09:08:52,1,A56-HS01.ZO01,-244.8733062744141,0.0,244.8733062744141,-1.4713724851608276,0.0,False,0.0,1.0,True,1hz,1974-07-25.parquet,23
1974-07-25 09:08:52,2,A56-HS01.ZO02,-233.44960021972656,0.0,233.44960021972656,0.8293026685714722,0.0,False,0.0,1.0,True,1hz,1974-07-25.parquet,23
1974-07-25 09:08:52,3,A56-HS01.ZO03,-240.6573944091797,0.0,240.6573944091797,1.2306338548660278,0.0,False,0.0,1.0,True,1hz,1974-07-25.parquet,23
1974-07-25 09:08:52,4,A56-HS01.ZO04,-210.4664001464844,0.0,210.4664001464844,0.8025723099708557,0.0,False,0.0,1.0,True,1hz,1974-07-25.parquet,23
1974-07-25 09:11:36,1,A56-HS01.ZO01,0.0,-244.8733062744141,-244.8733062744141,-0.0240771193057298,-1.4727160930633545,False,0.0,1.0,True,1hz,1974-07-25.parquet,23
1974-07-25 09:11:36,2,A56-HS01.ZO02,0.0,-233.44960021972656,-233.44960021972656,0.0138217117637395,0.8177019953727722,False,0.0,1.0,True,1hz,1974-07-25.parquet,23
1974-07-25 09:11:36,3,A56-HS01.ZO03,0.0,-240.6573944091797,-240.6573944091797,0.0205105636268854,1.2511444091796875,False,0.0,1.0,True,1hz,1974-07-25.parquet,23
1974-07-25 09:11:36,4,A56-HS01.ZO04,0.0,-210.4664001464844,-210.4664001464844,0.0133762042969465,0.815948486328125,False,0.0,1.0,True,1hz,1974-07-25.parquet,23
1974-07-25 09:22:14,1,A56-HS01.ZO01,-244.8733062744141,0.0,244.8733062744141,-1.444627046585083,-0.8003397583961487,False,0.0,1.0,True,1hz,1974-07-25.parquet,23
1974-07-25 09:22:14,2,A56-HS01.ZO02,-233.44960021972656,0.0,233.44960021972656,0.8025422692298889,0.444074273109436,False,0.0,1.0,True,1hz,1974-07-25.parquet,23
1974-07-25 09:22:14,3,A56-HS01.ZO03,-240.6573944091797,0.0,240.6573944091797,1.2306338548660278,0.6759570837020874,False,0.0,1.0,True,1hz,1974-07-25.parquet,23
1974-07-25 09:22:14,4,A56-HS01.ZO04,-210.4664001464844,0.0,210.4664001464844,0.8025723099708557,0.4414147436618805,False,0.0,1.0,True,1hz,1974-07-25.parquet,23
1974-07-25 09:22:42,1,A56-HS01.ZO01,0.0,-244.8733062744141,-244.8733062744141,-0.7949906587600708,-1.480739712715149,False,0.0,1.0,True,1hz,1974-07-25.parquet,23
1974-07-25 09:22:42,2,A56-HS01.ZO02,0.0,-233.44960021972656,-233.44960021972656,0.4413982331752777,0.8199320435523987,False,0.0,1.0,True,1hz,1974-07-25.parquet,23
1974-07-25 09:22:42,3,A56-HS01.ZO03,0.0,-240.6573944091797,-240.6573944091797,0.6768485903739929,1.2484698295593262,False,0.0,1.0,True,1hz,1974-07-25.parquet,23
1974-07-25 09:22:42,4,A56-HS01.ZO04,0.0,-210.4664001464844,-210.4664001464844,0.4414147436618805,0.815948486328125,False,0.0,1.0,True,1hz,1974-07-25.parquet,23
1974-07-30 06:52:46,1,A56-HS01.ZO01,-244.8733062744141,-258.0104064941406,-13.137100219726562,-13.941930770874023,-0.5716282725334167,False,0.0,1.0,True,1hz,1974-07-30.parquet,24
1974-07-30 06:52:46,2,A56-HS01.ZO02,-233.44960021972656,-247.3755798339844,-13.925979614257812,-14.576970100402832,-0.5221329927444458,False,0.0,1.0,True,1hz,1974-07-30.parquet,24
1974-07-30 06:52:46,3,A56-HS01.ZO03,-240.6573944091797,-252.08102416992188,-11.423629760742188,-11.977418899536133,-0.5658293962478638,False,0.0,1.0,True,1hz,1974-07-30.parquet,24
1974-07-30 06:52:46,4,A56-HS01.ZO04,-210.4664001464844,-224.71875,-14.252349853515623,-14.977803230285645,-0.5729629993438721,False,0.0,1.0,True,1hz,1974-07-30.parquet,24
1974-07-30 06:53:26,1,A56-HS01.ZO01,-258.0104064941406,-260.3767395019531,-2.3663330078125,-4.861486434936523,-0.1404483914375305,False,0.0,1.0,True,1hz,1974-07-30.parquet,24
1974-07-30 06:53:26,2,A56-HS01.ZO02,-247.3755798339844,-249.49710083007807,-2.12152099609375,-5.084458351135254,-0.0989900156855583,False,0.0,1.0,True,1hz,1974-07-30.parquet,24
1974-07-30 06:53:26,3,A56-HS01.ZO03,-252.08102416992188,-254.42013549804688,-2.339111328125,-4.294337272644043,-0.1466985046863556,False,0.0,1.0,True,1hz,1974-07-30.parquet,24
1974-07-30 06:53:26,4,A56-HS01.ZO04,-224.71875,-227.08506774902344,-2.366317749023437,-5.236945629119873,-0.125295415520668,False,0.0,1.0,True,1hz,1974-07-30.parquet,24
1974-07-30 06:56:46,1,A56-HS01.ZO01,-260.3767395019531,-261.2471008300781,-0.870361328125,-0.7178744673728943,-0.1498218029737472,False,0.0,1.0,True,1hz,1974-07-30.parquet,24
1974-07-30 06:56:46,2,A56-HS01.ZO02,-249.49710083007807,-250.1226806640625,-0.625579833984375,-0.5279355645179749,-0.1328755319118499,False,0.0,1.0,True,1hz,1974-07-30.parquet,24
1974-07-30 06:56:46,3,A56-HS01.ZO03,-254.42013549804688,-255.37210083007807,-0.95196533203125,-0.8083951473236084,-0.1609697192907333,False,0.0,1.0,True,1hz,1974-07-30.parquet,24
1974-07-30 06:56:46,4,A56-HS01.ZO04,-227.08506774902344,-227.90103149414065,-0.8159637451171875,-0.6790851354598999,-0.1311012655496597,False,0.0,1.0,True,1hz,1974-07-30.parquet,24
1974-08-20 10:26:54,1,A56-HS01.ZO01,-261.2471008300781,-263.9398193359375,-2.692718505859375,-2.6485755443573,0.0,False,0.0,1.0,True,1hz,1974-08-20.parquet,25
1974-08-20 10:26:54,2,A56-HS01.ZO02,-250.1226806640625,-250.47628784179688,-0.353607177734375,-0.3487018644809723,0.0,False,0.0,1.0,True,1hz,1974-08-20.parquet,25
1974-08-20 10:26:54,3,A56-HS01.ZO03,-255.37210083007807,-254.61053466796875,0.761566162109375,0.7490814924240112,0.0,False,0.0,1.0,True,1hz,1974-08-20.parquet,25
1974-08-20 10:26:54,4,A56-HS01.ZO04,-227.90103149414065,-228.0914306640625,-0.190399169921875,-0.1961980164051056,-0.0035680551081895,False,0.0,1.0,True,1hz,1974-08-20.parquet,25
1974-09-05 09:40:11,1,A56-HS01.ZO01,-263.9398193359375,-262.5798645019531,1.359954833984375,22.38216781616211,-0.0231793504208326,False,0.0,1.0,True,1hz,1974-09-05.parquet,26
1974-09-05 09:40:11,2,A56-HS01.ZO02,-250.47628784179688,-250.06829833984372,0.407989501953125,22.53243827819824,0.0,False,0.0,1.0,True,1hz,1974-09-05.parquet,26
1974-09-05 09:40:11,3,A56-HS01.ZO03,-254.61053466796875,-257.8744201660156,-3.263885498046875,23.64491271972656,0.0,False,0.0,1.0,True,1hz,1974-09-05.parquet,26
1974-09-05 09:40:11,4,A56-HS01.ZO04,-228.0914306640625,-226.921875,1.1695556640625,25.44316864013672,-0.0191675405949354,False,0.0,1.0,True,1hz,1974-09-05.parquet,26
1974-09-16 10:37:17,1,A56-HS01.ZO01,-262.5798645019531,0.0,262.5798645019531,34.590084075927734,9.223159790039062,False,0.0,1.0,True,1hz,1974-09-16.parquet,27
1974-09-16 10:37:17,2,A56-HS01.ZO02,-250.06829833984372,0.0,250.06829833984372,32.445831298828125,8.650647163391113,False,0.0,1.0,True,1hz,1974-09-16.parquet,27
1974-09-16 10:37:17,3,A56-HS01.ZO03,-257.8744201660156,0.0,257.8744201660156,39.35570907592773,10.494827270507812,False,0.0,1.0,True,1hz,1974-09-16.parquet,27
1974-09-16 10:37:17,4,A56-HS01.ZO04,-226.921875,0.0,226.921875,35.822505950927734,9.5526704788208,False,0.0,1.0,True,1hz,1974-09-16.parquet,27
1974-09-16 10:38:02,1,A56-HS01.ZO01,0.0,-262.5798645019531,-262.5798645019531,9.224496841430664,35.16349411010742,False,0.0,1.0,True,1hz,1974-09-16.parquet,27
1974-09-16 10:38:02,2,A56-HS01.ZO02,0.0,-250.06829833984372,-250.06829833984372,8.653322219848633,32.98624420166016,False,0.0,1.0,True,1hz,1974-09-16.parquet,27
1974-09-16 10:38:02,3,A56-HS01.ZO03,0.0,-257.8744201660156,-257.8744201660156,10.494380950927734,40.0116081237793,False,0.0,1.0,True,1hz,1974-09-16.parquet,27
1974-09-16 10:38:02,4,A56-HS01.ZO04,0.0,-226.921875,-226.921875,9.5526704788208,36.4195442199707,False,0.0,1.0,True,1hz,1974-09-16.parquet,27
1974-09-19 17:12:06,1,A56-HS01.ZO01,-262.5798645019531,-247.0491943359375,15.530670166015623,15.276066780090332,0.0,False,0.0,1.0,True,1hz,1974-09-19.parquet,28
1974-09-19 17:12:06,2,A56-HS01.ZO02,-250.06829833984372,-236.4143524169922,13.653945922851562,13.430109977722168,0.0,False,0.0,1.0,True,1hz,1974-09-19.parquet,28
1974-09-19 17:12:06,3,A56-HS01.ZO03,-257.8744201660156,-240.4398193359375,17.434600830078125,17.148786544799805,0.0,False,0.0,1.0,True,1hz,1974-09-19.parquet,28
1974-09-19 17:12:06,4,A56-HS01.ZO04,-226.921875,-214.81829833984372,12.10357666015625,11.905157089233398,0.0,False,0.0,1.0,True,1hz,1974-09-19.parquet,28
1974-10-15 13:46:24,1,A56-HS01.ZO01,-247.0491943359375,-249.5787048339844,-2.529510498046875,-2.488043069839477,0.0,False,0.0,1.0,True,1hz,1974-10-15.parquet,29
1974-10-15 13:46:24,2,A56-HS01.ZO02,-236.4143524169922,-236.9311370849609,-0.51678466796875,-0.5083127617835999,0.0,False,0.0,1.0,True,1hz,1974-10-15.parquet,29
1974-10-15 13:46:24,3,A56-HS01.ZO03,-240.4398193359375,-238.7806701660156,1.659149169921875,1.6319500207901,0.0,False,0.0,1.0,True,1hz,1974-10-15.parquet,29
1974-10-15 13:46:24,4,A56-HS01.ZO04,-214.81829833984372,-218.707763671875,-3.88946533203125,-3.835057497024536,-0.0098036471754312,False,0.0,1.0,True,1hz,1974-10-15.parquet,29
1974-12-09 17:14:37,1,A56-HS01.ZO01,-249.5787048339844,-249.9866943359375,-0.407989501953125,12.526288986206056,0.3714259266853332,False,0.0,1.0,True,1hz,1974-12-09.parquet,30
1974-12-09 17:14:37,2,A56-HS01.ZO02,-236.9311370849609,-240.35821533203125,-3.4270782470703125,10.445340156555176,-0.0004457567702047,False,0.0,1.0,True,1hz,1974-12-09.parquet,30
1974-12-09 17:14:37,3,A56-HS01.ZO03,-238.7806701660156,-241.03819274902344,-2.2575225830078125,11.086968421936035,-0.0089201377704739,False,0.0,1.0,True,1hz,1974-12-09.parquet,30
1974-12-09 17:14:37,4,A56-HS01.ZO04,-218.707763671875,-217.973388671875,0.734375,13.758724212646484,-0.003566054161638,False,0.0,1.0,True,1hz,1974-12-09.parquet,30
1974-12-09 17:23:36,1,A56-HS01.ZO01,-249.9866943359375,-244.9820556640625,5.004638671875,5.56466817855835,-0.7664832472801208,False,0.0,1.0,True,1hz,1974-12-09.parquet,30
1974-12-09 17:23:36,2,A56-HS01.ZO02,-240.35821533203125,-237.58392333984372,2.7742919921875,2.713655710220337,0.0218665953725576,False,0.0,1.0,True,1hz,1974-12-09.parquet,30
1974-12-09 17:23:36,3,A56-HS01.ZO03,-241.03819274902344,-237.91030883789065,3.1278839111328125,3.0578854084014893,0.0,False,0.0,1.0,True,1hz,1974-12-09.parquet,30
1974-12-09 17:23:36,4,A56-HS01.ZO04,-217.973388671875,-215.36227416992188,2.611114501953125,2.5491418838500977,0.0,False,0.0,1.0,True,1hz,1974-12-09.parquet,30
1975-01-03 09:20:29,1,A56-HS01.ZO01,-244.9820556640625,-239.37905883789065,5.602996826171875,7.748162269592285,-0.0231793504208326,False,0.0,1.0,True,1hz,1975-01-03.parquet,31
1975-01-03 09:20:29,2,A56-HS01.ZO02,-237.58392333984372,-242.26214599609372,-4.67822265625,-0.5738430619239807,-0.0231923591345548,False,0.0,1.0,True,1hz,1975-01-03.parquet,31
1975-01-03 09:20:29,3,A56-HS01.ZO03,-237.91030883789065,-230.7025451660156,7.207763671875,9.078254699707031,-0.0338817648589611,False,0.0,1.0,True,1hz,1975-01-03.parquet,31
1975-01-03 09:20:29,4,A56-HS01.ZO04,-215.36227416992188,-219.93170166015625,-4.569427490234375,1.0117260217666626,-0.0343532860279083,False,0.0,1.0,True,1hz,1975-01-03.parquet,31
1975-01-10 09:04:10,1,A56-HS01.ZO01,-239.37905883789065,-248.30035400390625,-8.921295166015625,-8.774598121643066,0.0,False,0.0,1.0,True,1hz,1975-01-10.parquet,32
1975-01-10 09:04:10,2,A56-HS01.ZO02,-242.26214599609372,-239.75982666015625,2.5023193359375,2.4612977504730225,0.0,False,0.0,1.0,True,1hz,1975-01-10.parquet,32
1975-01-10 09:04:10,3,A56-HS01.ZO03,-230.7025451660156,-240.52142333984372,-9.818878173828123,-9.645415306091309,0.0191890522837638,False,0.0,1.0,True,1hz,1975-01-10.parquet,32
1975-01-10 09:04:10,4,A56-HS01.ZO04,-219.93170166015625,-222.2164306640625,-2.28472900390625,-2.24772047996521,-0.0017840275540947,False,0.0,1.0,True,1hz,1975-01-10.parquet,32
1975-01-23 09:53:20,1,A56-HS01.ZO01,-248.30035400390625,0.0,248.30035400390625,0.0,-33.40848922729492,False,0.0,3648.0,False,1hz,1975-01-23.parquet,33
1975-01-23 09:53:20,2,A56-HS01.ZO02,-239.75982666015625,0.0,239.75982666015625,0.0,-33.688507080078125,False,0.0,3648.0,False,1hz,1975-01-23.parquet,33
1975-01-23 09:53:20,3,A56-HS01.ZO03,-240.52142333984372,0.0,240.52142333984372,0.0,-33.663536071777344,False,0.0,3648.0,False,1hz,1975-01-23.parquet,33
1975-01-23 09:53:20,4,A56-HS01.ZO04,-222.2164306640625,0.0,222.2164306640625,0.0,-34.26369857788086,False,0.0,3648.0,False,1hz,1975-01-23.parquet,33
1975-01-23 09:54:19,1,A56-HS01.ZO01,0.0,-248.30035400390625,-248.30035400390625,-16.982648849487305,-1018.958740234375,False,0.0,1.0,True,1hz,1975-01-23.parquet,33
1975-01-23 09:54:19,2,A56-HS01.ZO02,0.0,-239.75982666015625,-239.75982666015625,-17.12499237060547,-1027.49951171875,False,0.0,1.0,True,1hz,1975-01-23.parquet,33
1975-01-23 09:54:19,3,A56-HS01.ZO03,0.0,-240.52142333984372,-240.52142333984372,-17.11229705810547,-1026.73779296875,False,0.0,1.0,True,1hz,1975-01-23.parquet,33
1975-01-23 09:54:19,4,A56-HS01.ZO04,0.0,-222.2164306640625,-222.2164306640625,-17.417381286621094,-1045.0428466796875,False,0.0,1.0,True,1hz,1975-01-23.parquet,33
1975-02-13 08:06:51,1,A56-HS01.ZO01,-248.30035400390625,0.0,248.30035400390625,21.316953659057617,9.588790893554688,False,0.0,1.0,True,1hz,1975-02-13.parquet,34
1975-02-13 08:06:51,2,A56-HS01.ZO02,-239.75982666015625,0.0,239.75982666015625,23.783567428588867,10.702604293823242,False,0.0,1.0,True,1hz,1975-02-13.parquet,34
1975-02-13 08:06:51,3,A56-HS01.ZO03,-240.52142333984372,0.0,240.52142333984372,22.17839813232422,9.98027801513672,False,0.0,1.0,True,1hz,1975-02-13.parquet,34
1975-02-13 08:06:51,4,A56-HS01.ZO04,-222.2164306640625,0.0,222.2164306640625,39.26788330078125,17.66423797607422,False,0.0,1.0,True,1hz,1975-02-13.parquet,34
1975-02-13 08:07:25,1,A56-HS01.ZO01,0.0,-248.30035400390625,-248.30035400390625,9.594589233398438,21.66875648498535,False,0.0,1.0,True,1hz,1975-02-13.parquet,34
1975-02-13 08:07:25,2,A56-HS01.ZO02,0.0,-239.75982666015625,-239.75982666015625,10.702607154846191,24.17996025085449,False,0.0,1.0,True,1hz,1975-02-13.parquet,34
1975-02-13 08:07:25,3,A56-HS01.ZO03,0.0,-240.52142333984372,-240.52142333984372,9.98027801513672,22.54804039001465,False,0.0,1.0,True,1hz,1975-02-13.parquet,34
1975-02-13 08:07:25,4,A56-HS01.ZO04,0.0,-222.2164306640625,-222.2164306640625,17.672710418701172,39.90595245361328,False,0.0,1.0,True,1hz,1975-02-13.parquet,34
1975-02-13 14:19:33,1,A56-HS01.ZO01,-248.30035400390625,0.0,248.30035400390625,21.295543670654297,7.098512649536133,False,0.0,1.0,True,1hz,1975-02-13.parquet,34
1975-02-13 14:19:33,2,A56-HS01.ZO02,-239.75982666015625,0.0,239.75982666015625,23.783567428588867,7.9278564453125,False,0.0,1.0,True,1hz,1975-02-13.parquet,34
1975-02-13 14:19:33,3,A56-HS01.ZO03,-240.52142333984372,0.0,240.52142333984372,22.16234970092773,7.39190673828125,False,0.0,1.0,True,1hz,1975-02-13.parquet,34
1975-02-13 14:19:33,4,A56-HS01.ZO04,-222.2164306640625,0.0,222.2164306640625,39.24693298339844,13.082311630249023,False,0.0,1.0,True,1hz,1975-02-13.parquet,34
1975-02-13 14:20:14,1,A56-HS01.ZO01,0.0,-248.30035400390625,-248.30035400390625,7.098513603210449,21.650470733642575,False,0.0,1.0,True,1hz,1975-02-13.parquet,34
1975-02-13 14:20:14,2,A56-HS01.ZO02,0.0,-239.75982666015625,-239.75982666015625,7.9278564453125,24.17996025085449,False,0.0,1.0,True,1hz,1975-02-13.parquet,34
1975-02-13 14:20:14,3,A56-HS01.ZO03,0.0,-240.52142333984372,-240.52142333984372,7.383882999420166,22.541797637939453,False,0.0,1.0,True,1hz,1975-02-13.parquet,34
1975-02-13 14:20:14,4,A56-HS01.ZO04,0.0,-222.2164306640625,-222.2164306640625,13.082310676574709,39.90105056762695,False,0.0,1.0,True,1hz,1975-02-13.parquet,34
1975-02-13 14:55:53,1,A56-HS01.ZO01,-248.30035400390625,0.0,248.30035400390625,21.29598999023437,4.968959331512451,False,0.0,1.0,True,1hz,1975-02-13.parquet,34
1975-02-13 14:55:53,2,A56-HS01.ZO02,-239.75982666015625,0.0,239.75982666015625,23.8103141784668,5.555739879608154,False,0.0,1.0,True,1hz,1975-02-13.parquet,34
1975-02-13 14:55:53,3,A56-HS01.ZO03,-240.52142333984372,0.0,240.52142333984372,22.15165138244629,5.168718338012695,False,0.0,1.0,True,1hz,1975-02-13.parquet,34
1975-02-13 14:55:53,4,A56-HS01.ZO04,-222.2164306640625,0.0,222.2164306640625,39.24693298339844,9.157618522644045,False,0.0,1.0,True,1hz,1975-02-13.parquet,34
1975-02-13 14:56:40,1,A56-HS01.ZO01,0.0,-248.30035400390625,-248.30035400390625,4.968959331512451,21.650470733642575,False,0.0,1.0,True,1hz,1975-02-13.parquet,34
1975-02-13 14:56:40,2,A56-HS01.ZO02,0.0,-239.75982666015625,-239.75982666015625,5.555739879608154,24.2071533203125,False,0.0,1.0,True,1hz,1975-02-13.parquet,34
1975-02-13 14:56:40,3,A56-HS01.ZO03,0.0,-240.52142333984372,-240.52142333984372,5.168718338012695,22.520845413208008,False,0.0,1.0,True,1hz,1975-02-13.parquet,34
1975-02-13 14:56:40,4,A56-HS01.ZO04,0.0,-222.2164306640625,-222.2164306640625,9.157617568969728,39.90105056762695,False,0.0,1.0,True,1hz,1975-02-13.parquet,34
1975-02-14 08:48:50,1,A56-HS01.ZO01,-248.30035400390625,-250.9930419921875,-2.69268798828125,-2.870603561401367,0.0008915135404095,False,0.0,1.0,True,1hz,1975-02-14.parquet,34
1975-02-14 08:48:50,2,A56-HS01.ZO02,-239.75982666015625,-240.276611328125,-0.51678466796875,-0.5475553870201111,0.0075778649188578,False,0.0,1.0,True,1hz,1975-02-14.parquet,34
1975-02-14 08:48:50,3,A56-HS01.ZO03,-240.52142333984372,-239.21585083007807,1.305572509765625,0.597499430179596,0.0093608917668461,False,0.0,1.0,True,1hz,1975-02-14.parquet,34
1975-02-14 08:48:50,4,A56-HS01.ZO04,-222.2164306640625,-204.31944274902344,17.896987915039062,17.56346321105957,0.0223003458231687,False,0.0,1.0,True,1hz,1975-02-14.parquet,34
1975-02-14 10:28:54,1,A56-HS01.ZO01,-250.9930419921875,0.0,250.9930419921875,-0.0236516240984201,-0.0026775421574711,False,0.0,1.0,True,1hz,1975-02-14.parquet,34
1975-02-14 10:28:54,2,A56-HS01.ZO02,-240.276611328125,0.0,240.276611328125,0.0410096198320388,0.0044575673528015,False,0.0,1.0,True,1hz,1975-02-14.parquet,34
1975-02-14 10:28:54,3,A56-HS01.ZO03,-239.21585083007807,0.0,239.21585083007807,0.0499247573316097,0.0049033244140446,False,0.0,1.0,True,1hz,1975-02-14.parquet,34
1975-02-14 10:28:54,4,A56-HS01.ZO04,-204.31944274902344,0.0,204.31944274902344,2.0127410888671875,0.1979745328426361,False,0.0,1.0,True,1hz,1975-02-14.parquet,34
1975-02-14 10:29:50,1,A56-HS01.ZO01,0.0,-250.9930419921875,-250.9930419921875,-0.0026775421574711,-0.0263291653245687,False,0.0,1.0,True,1hz,1975-02-14.parquet,34
1975-02-14 10:29:50,2,A56-HS01.ZO02,0.0,-240.276611328125,-240.276611328125,0.0026745405048131,0.0414553768932819,False,0.0,1.0,True,1hz,1975-02-14.parquet,34
1975-02-14 10:29:50,3,A56-HS01.ZO03,0.0,-239.21585083007807,-239.21585083007807,0.0053490810096263,0.0459129475057125,False,0.0,1.0,True,1hz,1975-02-14.parquet,34
1975-02-14 10:29:50,4,A56-HS01.ZO04,0.0,-204.31944274902344,-204.31944274902344,0.1979745328426361,2.0127410888671875,False,0.0,1.0,True,1hz,1975-02-14.parquet,34
1975-02-19 11:44:48,1,A56-HS01.ZO01,-250.9930419921875,0.0,250.9930419921875,0.0,0.0,False,0.0,78.0,True,1hz,1975-02-19.parquet,35
1975-02-19 11:44:48,2,A56-HS01.ZO02,-240.276611328125,0.0,240.276611328125,0.0,0.0,False,0.0,78.0,True,1hz,1975-02-19.parquet,35
1975-02-19 11:44:48,3,A56-HS01.ZO03,-239.21585083007807,0.0,239.21585083007807,0.0,0.0,False,0.0,78.0,True,1hz,1975-02-19.parquet,35
1975-02-19 11:44:48,4,A56-HS01.ZO04,-204.31944274902344,0.0,204.31944274902344,0.0,0.0,False,0.0,78.0,True,1hz,1975-02-19.parquet,35
1975-02-19 11:48:54,1,A56-HS01.ZO01,0.0,-250.9930419921875,-250.9930419921875,69.27601623535156,69.41558837890625,False,0.0,242.0,True,1hz,1975-02-19.parquet,35
1975-02-19 11:48:54,2,A56-HS01.ZO02,0.0,-240.276611328125,-240.276611328125,15.449066162109377,15.449069023132324,False,0.0,242.0,True,1hz,1975-02-19.parquet,35
1975-02-19 11:48:54,3,A56-HS01.ZO03,0.0,-239.21585083007807,-239.21585083007807,15.149871826171877,15.149874687194824,False,0.0,242.0,True,1hz,1975-02-19.parquet,35
1975-02-19 11:48:54,4,A56-HS01.ZO04,0.0,-204.31944274902344,-204.31944274902344,17.4617919921875,17.4617919921875,False,0.0,242.0,True,1hz,1975-02-19.parquet,35
1975-02-19 12:05:58,1,A56-HS01.ZO01,-250.9930419921875,0.0,250.9930419921875,0.0,0.0,False,0.0,190.0,True,1hz,1975-02-19.parquet,35
1975-02-19 12:05:58,2,A56-HS01.ZO02,-240.276611328125,0.0,240.276611328125,0.0,0.0,False,0.0,190.0,True,1hz,1975-02-19.parquet,35
1975-02-19 12:05:58,3,A56-HS01.ZO03,-239.21585083007807,0.0,239.21585083007807,0.0,0.0,False,0.0,190.0,True,1hz,1975-02-19.parquet,35
1975-02-19 12:05:58,4,A56-HS01.ZO04,-204.31944274902344,0.0,204.31944274902344,0.0,0.0,False,0.0,190.0,True,1hz,1975-02-19.parquet,35
1975-02-20 04:54:00,1,A56-HS01.ZO01,0.0,-250.9929962158203,-250.9929962158203,0.5832186937332153,37.81155776977539,True,36.97698211669922,1.0,True,1hz,1975-02-20.parquet,35
1975-02-20 04:54:00,2,A56-HS01.ZO02,0.0,-240.27659606933597,-240.27659606933597,0.584110677242279,36.44093704223633,True,36.97698211669922,1.0,True,1hz,1975-02-20.parquet,35
1975-02-20 04:54:00,3,A56-HS01.ZO03,0.0,-239.2158966064453,-239.2158966064453,0.533726692199707,31.71951103210449,True,36.97698211669922,1.0,True,1hz,1975-02-20.parquet,35
1975-02-20 04:54:00,4,A56-HS01.ZO04,0.0,-204.31939697265625,-204.31939697265625,0.5676127076148987,35.372127532958984,True,36.97698211669922,1.0,True,1hz,1975-02-20.parquet,35
1975-02-25 11:40:50,1,A56-HS01.ZO01,-250.9929962158203,0.0,250.9929962158203,52.05583953857422,4.9283766746521,False,0.0,1.0,True,1hz,1975-02-25.parquet,36
1975-02-25 11:40:50,2,A56-HS01.ZO02,-240.27659606933597,0.0,240.27659606933597,50.19207000732422,5.561986923217773,False,0.0,1.0,True,1hz,1975-02-25.parquet,36
1975-02-25 11:40:50,3,A56-HS01.ZO03,-239.2158966064453,0.0,239.2158966064453,49.9749870300293,5.2142014503479,False,0.0,1.0,True,1hz,1975-02-25.parquet,36
1975-02-25 11:40:50,4,A56-HS01.ZO04,-204.31939697265625,0.0,204.31939697265625,49.65388107299805,5.115204334259033,False,0.0,1.0,True,1hz,1975-02-25.parquet,36
1975-02-25 11:41:45,1,A56-HS01.ZO01,0.0,-250.9929962158203,-250.9929962158203,5.166034698486328,49.29134750366211,False,0.0,1.0,True,1hz,1975-02-25.parquet,36
1975-02-25 11:41:45,2,A56-HS01.ZO02,0.0,-240.27659606933597,-240.27659606933597,5.109410285949707,56.579837799072266,False,0.0,1.0,True,1hz,1975-02-25.parquet,36
1975-02-25 11:41:45,3,A56-HS01.ZO03,0.0,-239.2158966064453,-239.2158966064453,5.033616542816162,53.033329010009766,False,0.0,1.0,True,1hz,1975-02-25.parquet,36
1975-02-25 11:41:45,4,A56-HS01.ZO04,0.0,-204.31939697265625,-204.31939697265625,4.990357398986816,52.004581451416016,False,0.0,1.0,True,1hz,1975-02-25.parquet,36
1975-03-28 05:26:44,1,A56-HS01.ZO01,-250.9929962158203,-250.74826049804688,0.2447357177734375,0.2233391404151916,0.0,False,0.0,1.0,True,1hz,1975-03-28.parquet,37
1975-03-28 05:26:44,2,A56-HS01.ZO02,-240.27659606933597,-241.44618225097656,-1.169586181640625,-1.150412678718567,0.0,False,0.0,1.0,True,1hz,1975-03-28.parquet,37
1975-03-28 05:26:44,3,A56-HS01.ZO03,-239.2158966064453,-235.598388671875,3.617507934570313,3.5559756755828857,0.0084741311147809,False,0.0,1.0,True,1hz,1975-03-28.parquet,37
1975-03-28 05:26:44,4,A56-HS01.ZO04,-204.31939697265625,-207.17535400390625,-2.85595703125,-2.805124044418335,0.0147182280197739,False,0.0,1.0,True,1hz,1975-03-28.parquet,37
1975-03-31 06:38:17,1,A56-HS01.ZO01,-250.74826049804688,-249.41549682617188,1.332763671875,1.3109151124954224,-0.3848046362400055,False,0.0,1.0,True,1hz,1975-03-31.parquet,38
1975-03-31 06:38:17,2,A56-HS01.ZO02,-241.44618225097656,-240.38540649414065,1.0607757568359375,1.0402638912200928,-0.534624457359314,False,0.0,1.0,True,1hz,1975-03-31.parquet,38
1975-03-31 06:38:17,3,A56-HS01.ZO03,-235.598388671875,-240.33102416992188,-4.732635498046875,-4.656834125518799,-0.3790015578269958,False,0.0,1.0,True,1hz,1975-03-31.parquet,38
1975-03-31 06:38:17,4,A56-HS01.ZO04,-207.17535400390625,-207.63772583007807,-0.462371826171875,-0.4784303307533264,-0.4356361627578735,False,0.0,1.0,True,1hz,1975-03-31.parquet,38
1975-04-16 07:46:09,1,A56-HS01.ZO01,-249.41549682617188,0.0,249.41549682617188,20.439428329467773,2.3846006393432617,False,0.0,1.0,True,1hz,1975-04-16.parquet,39
1975-04-16 07:46:09,2,A56-HS01.ZO02,-240.38540649414065,0.0,240.38540649414065,26.406274795532227,3.0806281566619877,False,0.0,1.0,True,1hz,1975-04-16.parquet,39
1975-04-16 07:46:09,3,A56-HS01.ZO03,-240.33102416992188,0.0,240.33102416992188,23.730079650878903,2.768509149551392,False,0.0,1.0,True,1hz,1975-04-16.parquet,39
1975-04-16 07:46:09,4,A56-HS01.ZO04,-207.63772583007807,0.0,207.63772583007807,25.708011627197266,2.9994759559631348,False,0.0,1.0,True,1hz,1975-04-16.parquet,39
1975-04-16 07:47:03,1,A56-HS01.ZO01,0.0,-249.41549682617188,-249.41549682617188,2.3846006393432617,20.78008460998535,False,0.0,1.0,True,1hz,1975-04-16.parquet,39
1975-04-16 07:47:03,2,A56-HS01.ZO02,0.0,-240.38540649414065,-240.38540649414065,3.0806281566619877,26.845918655395508,False,0.0,1.0,True,1hz,1975-04-16.parquet,39
1975-04-16 07:47:03,3,A56-HS01.ZO03,0.0,-240.33102416992188,-240.33102416992188,2.768509149551392,24.125581741333008,False,0.0,1.0,True,1hz,1975-04-16.parquet,39
1975-04-16 07:47:03,4,A56-HS01.ZO04,0.0,-207.63772583007807,-207.63772583007807,2.9994759559631348,26.116012573242188,False,0.0,1.0,True,1hz,1975-04-16.parquet,39
1975-04-22 15:58:37,1,A56-HS01.ZO01,-249.41549682617188,0.0,249.41549682617188,77.10223388671875,11.564955711364746,False,0.0,1.0,True,1hz,1975-04-22.parquet,40
1975-04-22 15:58:37,2,A56-HS01.ZO02,-240.38540649414065,0.0,240.38540649414065,33.78971099853516,5.068389415740967,False,0.0,1.0,True,1hz,1975-04-22.parquet,40
1975-04-22 15:58:37,3,A56-HS01.ZO03,-240.33102416992188,0.0,240.33102416992188,25.271953582763672,3.792264461517334,False,0.0,1.0,True,1hz,1975-04-22.parquet,40
1975-04-22 15:58:37,4,A56-HS01.ZO04,-207.63772583007807,0.0,207.63772583007807,33.0134162902832,4.9520134925842285,False,0.0,1.0,True,1hz,1975-04-22.parquet,40
1975-04-22 15:59:29,1,A56-HS01.ZO01,0.0,-249.41549682617188,-249.41549682617188,11.565402030944824,78.38727569580078,False,0.0,1.0,True,1hz,1975-04-22.parquet,40
1975-04-22 15:59:29,2,A56-HS01.ZO02,0.0,-240.38540649414065,-240.38540649414065,5.068389415740967,34.352420806884766,False,0.0,1.0,True,1hz,1975-04-22.parquet,40
1975-04-22 15:59:29,3,A56-HS01.ZO03,0.0,-240.33102416992188,-240.33102416992188,3.788698196411133,25.70089530944824,False,0.0,1.0,True,1hz,1975-04-22.parquet,40
1975-04-22 15:59:29,4,A56-HS01.ZO04,0.0,-207.63772583007807,-207.63772583007807,4.9520134925842285,33.56364059448242,False,0.0,1.0,True,1hz,1975-04-22.parquet,40
1975-05-11 05:51:03,1,A56-HS01.ZO01,-249.41549682617188,0.0,249.41549682617188,48.12897491455078,2.406448602676392,False,0.0,1.0,True,1hz,1975-05-11.parquet,41
1975-05-11 05:51:03,2,A56-HS01.ZO02,-240.38540649414065,0.0,240.38540649414065,53.34585189819336,2.667292833328247,False,0.0,1.0,True,1hz,1975-05-11.parquet,41
1975-05-11 05:51:03,3,A56-HS01.ZO03,-240.33102416992188,0.0,240.33102416992188,49.54689025878906,2.4773449897766118,False,0.0,1.0,True,1hz,1975-05-11.parquet,41
1975-05-11 05:51:03,4,A56-HS01.ZO04,-207.63772583007807,0.0,207.63772583007807,51.58013534545898,2.5790066719055176,False,0.0,1.0,True,1hz,1975-05-11.parquet,41
1975-05-11 05:52:01,1,A56-HS01.ZO01,0.0,-249.41549682617188,-249.41549682617188,2.406448602676392,48.93112564086914,False,0.0,1.0,True,1hz,1975-05-11.parquet,41
1975-05-11 05:52:01,2,A56-HS01.ZO02,0.0,-240.38540649414065,-240.38540649414065,2.667292833328247,54.23316192626953,False,0.0,1.0,True,1hz,1975-05-11.parquet,41
1975-05-11 05:52:01,3,A56-HS01.ZO03,0.0,-240.33102416992188,-240.33102416992188,2.4773449897766118,50.3726692199707,False,0.0,1.0,True,1hz,1975-05-11.parquet,41
1975-05-11 05:52:01,4,A56-HS01.ZO04,0.0,-207.63772583007807,-207.63772583007807,2.5790066719055176,52.43980026245117,False,0.0,1.0,True,1hz,1975-05-11.parquet,41
1975-05-11 07:35:55,1,A56-HS01.ZO01,-249.41549682617188,0.0,249.41549682617188,48.12897491455078,0.0,False,0.0,1.0,True,1hz,1975-05-11.parquet,41
1975-05-11 07:35:55,2,A56-HS01.ZO02,-240.38540649414065,0.0,240.38540649414065,53.23884201049805,0.0,False,0.0,1.0,True,1hz,1975-05-11.parquet,41
1975-05-11 07:35:55,3,A56-HS01.ZO03,-240.33102416992188,0.0,240.33102416992188,49.43988800048828,0.0,False,0.0,1.0,True,1hz,1975-05-11.parquet,41
1975-05-11 07:35:55,4,A56-HS01.ZO04,-207.63772583007807,0.0,207.63772583007807,51.526634216308594,0.0,False,0.0,1.0,True,1hz,1975-05-11.parquet,41
1975-05-11 07:39:26,1,A56-HS01.ZO01,0.0,-249.41549682617188,-249.41549682617188,0.8021495342254639,48.93112564086914,False,0.0,1.0,True,1hz,1975-05-11.parquet,41
1975-05-11 07:39:26,2,A56-HS01.ZO02,0.0,-240.38540649414065,-240.38540649414065,0.8873138427734375,54.12615585327149,False,0.0,1.0,True,1hz,1975-05-11.parquet,41
1975-05-11 07:39:26,3,A56-HS01.ZO03,0.0,-240.33102416992188,-240.33102416992188,0.8239980936050415,50.26388931274414,False,0.0,1.0,True,1hz,1975-05-11.parquet,41
1975-05-11 07:39:26,4,A56-HS01.ZO04,0.0,-207.63772583007807,-207.63772583007807,0.8587771654129028,52.38541412353516,False,0.0,1.0,True,1hz,1975-05-11.parquet,41
1975-05-19 13:23:35,1,A56-HS01.ZO01,-249.41549682617188,0.0,249.41549682617188,0.0,-133.48770141601562,False,0.0,19181.0,False,1hz,1975-05-19.parquet,42
1975-05-19 13:23:35,2,A56-HS01.ZO02,-240.38540649414065,0.0,240.38540649414065,0.0,-134.67198181152344,False,0.0,19181.0,False,1hz,1975-05-19.parquet,42
1975-05-19 13:23:35,3,A56-HS01.ZO03,-240.33102416992188,0.0,240.33102416992188,0.0,-134.67910766601562,False,0.0,19181.0,False,1hz,1975-05-19.parquet,42
1975-05-19 13:23:35,4,A56-HS01.ZO04,-207.63772583007807,0.0,207.63772583007807,0.0,-138.96676635742188,False,0.0,19181.0,False,1hz,1975-05-19.parquet,42
1975-05-19 13:24:28,1,A56-HS01.ZO01,0.0,-249.41549682617188,-249.41549682617188,-18.84895896911621,-1017.84375,False,0.0,1.0,True,1hz,1975-05-19.parquet,42
1975-05-19 13:24:28,2,A56-HS01.ZO02,0.0,-240.38540649414065,-240.38540649414065,-19.01618385314941,-1026.8740234375,False,0.0,1.0,True,1hz,1975-05-19.parquet,42
1975-05-19 13:24:28,3,A56-HS01.ZO03,0.0,-240.33102416992188,-240.33102416992188,-19.017189025878903,-1026.9283447265625,False,0.0,1.0,True,1hz,1975-05-19.parquet,42
1975-05-19 13:24:28,4,A56-HS01.ZO04,0.0,-207.63772583007807,-207.63772583007807,-19.622621536254883,-1059.62158203125,False,0.0,1.0,True,1hz,1975-05-19.parquet,42
1975-06-05 07:54:39,1,A56-HS01.ZO01,-249.41549682617188,-246.50521850585935,2.9102783203125,2.785438299179077,0.4690824449062347,False,0.0,1.0,True,1hz,1975-06-05.parquet,43
1975-06-05 07:54:39,2,A56-HS01.ZO02,-240.38540649414065,-237.71990966796875,2.665496826171875,2.6204628944396973,-0.0013372702524065,False,0.0,1.0,True,1hz,1975-06-05.parquet,43
1975-06-05 07:54:39,3,A56-HS01.ZO03,-240.33102416992188,-237.77430725097656,2.5567169189453125,2.513019561767578,0.0,False,0.0,1.0,True,1hz,1975-06-05.parquet,43
1975-06-05 07:54:39,4,A56-HS01.ZO04,-207.63772583007807,-204.8362274169922,2.801498413085937,2.7555723190307617,0.0,False,0.0,1.0,True,1hz,1975-06-05.parquet,43
1975-07-28 11:41:54,1,A56-HS01.ZO01,-246.50521850585935,-252.89700317382807,-6.39178466796875,-6.276291370391846,-1.1013258695602417,False,0.0,1.0,True,1hz,1975-07-28.parquet,44
1975-07-28 11:41:54,2,A56-HS01.ZO02,-237.71990966796875,-243.948486328125,-6.22857666015625,-6.149214744567871,-0.0129342004656791,False,0.0,1.0,True,1hz,1975-07-28.parquet,44
1975-07-28 11:41:54,3,A56-HS01.ZO03,-237.77430725097656,-242.58853149414065,-4.814224243164063,-4.733518600463867,-1.190077543258667,False,0.0,1.0,True,1hz,1975-07-28.parquet,44
1975-07-28 11:41:54,4,A56-HS01.ZO04,-204.8362274169922,-211.0648193359375,-6.2285919189453125,-6.128712177276611,-0.0053485808894038,False,0.0,1.0,True,1hz,1975-07-28.parquet,44
1975-09-02 15:59:08,1,A56-HS01.ZO01,-252.89700317382807,-256.6776733398437,-3.780670166015625,-3.719137668609619,0.0,False,0.0,1.0,True,1hz,1975-09-02.parquet,45
1975-09-02 15:59:08,2,A56-HS01.ZO02,-243.948486328125,-244.13888549804688,-0.190399169921875,-0.1872778683900833,0.0004457567702047,False,0.0,1.0,True,1hz,1975-09-02.parquet,45
1975-09-02 15:59:08,3,A56-HS01.ZO03,-242.58853149414065,-246.26040649414065,-3.671875,-3.621046543121338,-0.0040140622295439,False,0.0,1.0,True,1hz,1975-09-02.parquet,45
1975-09-02 15:59:08,4,A56-HS01.ZO04,-211.0648193359375,-210.38482666015625,0.67999267578125,0.6741943359375,0.0173845142126083,False,0.0,1.0,True,1hz,1975-09-02.parquet,45
